Workbook

Sheet 1-Base Plate
A1: MOHAMED MUSTAFA | Steel Structures Design | L1: DESIGN BY : | M1: ENG. Mohamed Mustafa | P1: REV. NO. : | Q1: 3 | R1: DATE OF REV : | T1: 45940
A2: Column Base Plate & Anchor Bolt Forces - ECP 205 (ASD / LRFD) | L2: Phone | M2: ="01140949980" -> 01140949980 | P2: WhatsApp
A3: DESIGN BY : | B3: ENG. Mohamed Mustafa | L3: Linkedin account | P3: Facebook account
A4: Project ID. : | L4: Portfolio
A6: Data Entry
A8: Design Method : | C8: ASD
A9: Forces Input : | C9: Column
A10: Column Section : | C10: I-Section
A11: Moment About : | C11: Major
A12: Section Depth h = | C12: 400 | D12: mm
A13: Section Width b = | C13: 200 | D13: mm
A14: Flange tf = | C14: 14 | D14: mm
A15: Web tw = | C15: 8 | D15: mm
A16: Plate Steel : | C16: ST 37
A17: Base Plate Lx = | C17: 60 | D17: cm
A18: Base Plate Ly = | C18: 30 | D18: cm
A19: Plate Thickness = | C19: 4 | D19: cm
A20: Weld Type : | C20: Fillet
A21: Weld Size s = | C21: 12 | D21: mm
A22: Concrete Fcu = | C22: 250 | D22: kg/cm2
A23: Pedestal Bx = | C23: 80 | D23: cm
A24: Pedestal By = | C24: 60 | D24: cm
A25: Bolt Ø (sheet 2) = | C25: ='2-Anchor Bolt'!C12 -> 30 | D25: mm
A26: Base Plate : | C26: =IF($W$61,"By IDEA",IF(AND($W$128,OR(F89="Safe",F89="N/A"),F96="Safe",F101="Safe",OR($W$88<>"C",ISNUMBER($W$90))),"Safe","Check design steps")) -> Safe
E27: Plan to scale - updates with the inputs:
A28: =IF($C$8="ASD","Column Forces (service) :","Column Forces (factored) :") -> Column Forces (service) : | E28: ⊕ bolt ( X , Y ) in cm
A29: Axial Force N = | C29: 20 | D29: ton | E29: ▬ pedestal - - - base plate
A30: N is : | C30: Compression | E30: ▬ column profile
A31: Moment M = | C31: 8 | D31: t.m | E31: - - - neutral axis (red)
A32: Shear Vx = | C32: 3 | D32: ton | E32: //// compression zone under the plate
A33: Shear Vy = | C33: 1 | D33: ton
A34: (+) M compresses the +X side (Major) / +Y side (Minor)
A35: Anchor Bolts Layout : | D35: =IF($C$9="IDEA","Forces per bolt (from IDEA)","IDEA only - not used") -> IDEA only - not used
A36: Bolt No. | B36: X (cm) | C36: Y (cm) | D36: T (ton) | E36: Vx (ton) | F36: Vy (ton) | V36: act | W36: x | X36: y | Y36: u | Z36: d | AA36: T stat | AB36: T | AC36: Vx | AD36: Vy | AE36: V | AF36: |x| | AG36: |y| | AH36: outX | AI36: outY | AJ36: r | AK36: dirX | AL36: b web | AM36: b fl | AN36: b raw | AO36: a raw | AP36: w | AQ36: b | AR36: a | AS36: z | AT36: Q | AU36: T+Q | AV36: Mt/w | AW36: cx | AX36: cy | AY36: c | BA36: pair distances | BM36: in plate
A37: 1 | B37: -25 | C37: -10 | V37: =AND(ISNUMBER(B37),ISNUMBER(C37)) -> TRUE | W37: =IF(V37,B37,0) -> -25 | X37: =IF(V37,C37,0) -> -10 | Y37: =IF($W$64,W37,X37) -> -25 | Z37: =IF(V37,$W$71/2-$W$75*Y37,-1) -> 55 | AA37: =IF(V37,IF($W$88="B",$W$86+$W$85*(Z37-$W$82),IF($W$88="C",$W$93*$W$81*MAX(Z37-$W$90,0),0)),0) -> 4.0587297 | AB37: =IF(V37,IF($W$61,MAX(0,N(D37)),MAX(0,AA37)),0) -> 4.0587297 | AC37: =IF(V37,IF($W$61,ABS(N(E37)),ABS(N($C$32))/$W$77),0) -> 0.75 | AD37: =IF(V37,IF($W$61,ABS(N(F37)),ABS(N($C$33))/$W$77),0) -> 0.25 | AE37: =SQRT(AC37^2+AD37^2) -> 0.79056942 | AF37: =ABS(W37) -> 25 | AG37: =ABS(X37) -> 10 | AH37: =AF37>$W$69 -> TRUE | AI37: =AG37>$W$70 -> FALSE | AJ37: =SQRT(W37^2+X37^2) -> 26.925824 | AK37: =IF(AND(AH37,AI37),$W$64,AH37) -> TRUE | AL37: =IF($W$63,AG37-$W$68/2,($W$70-$W$68)-AG37) -> 9.6 | AM37: =($W$69-$W$67)-AF37 -> -6.4 | AN37: =IF($W$62,IF(AJ37>$W$65/2,AJ37-$W$65/2,$W$65/2-$W$67-AJ37),IF(OR(AH37,AI37),IF(AK37,AF37-$W$69,AG37-$W$70),MIN(AL37,AM37))) -> 5 | AO37: =IF($W$62,IF(AJ37>$W$65/2,MIN($C$17/2-AF37,$C$18/2-AG37),1.25*AN37),IF(OR(AH37,AI37),IF(AK37,$C$17/2-AF37,$C$18/2-AG37),IF(AND(AL37<=AM37,$W$63),$C$18/2-AG37,1.25*AN37))) -> 5 | AP37: =IF(V37,IF($W$62,2*PI()*MAX(AJ37,0.1)/$W$77,IF(OR(AH37,AI37),IF(AK37,$C$18/SUMPRODUCT(--($V$37:$V$48),--($W$37:$W$48=W37)),$C$17/SUMPRODUCT(--($V$37:$V$48),--($X$37:$X$48=X37))),IF(AL37<=AM37,($W$65-2*$W$67)/SUMPRODUCT(--($V$37:$V$48),--($X$37:$X$48=X37)),IF($W$63,$W$66,$W$66-2*$W$68)/SUMPRODUCT(--($V$37:$V$48),--($W$37:$W$48=W37))))),1) -> 15 | AQ37: =MAX(0.1,AN37) -> 5 | AR37: =MAX(0.1,MIN(AO37,1.25*AQ37)) -> 5 | AS37: =AP37*$C$19^4/(AR37*AQ37^2*$W$78) -> 5.5717833 | AT37: =IF(AND(V37,NOT($W$61),AB37>0),MAX(0,AB37*(0.5-AS37/30)/((3*AR37/(4*AQ37)+1)*(AR37/(3*AQ37)+1)+AS37/6)),0) -> 0.39103829 | AU37: =AB37+AT37 -> 4.449768 | AV37: =IF(AB37>0,MAX(AB37*AQ37-AT37*AR37,AT37*AR37)/AP37,0) -> 1.2225638 | AW37: =$C$23/2-AF37 -> 15 | AX37: =$C$24/2-AG37 -> 20 | AY37: =IF(V37,MIN(AW37,AX37),"") -> 15 | BB37: =IF(AND(V37,V38),SQRT((W37-W38)^2+(X37-X38)^2),"") -> 50 | BC37: =IF(AND(V37,V39),SQRT((W37-W39)^2+(X37-X39)^2),"") -> 53.851648 | BD37: =IF(AND(V37,V40),SQRT((W37-W40)^2+(X37-X40)^2),"") -> 20 | BE37: =IF(AND(V37,V41),SQRT((W37-W41)^2+(X37-X41)^2),"") | BF37: =IF(AND(V37,V42),SQRT((W37-W42)^2+(X37-X42)^2),"") | BG37: =IF(AND(V37,V43),SQRT((W37-W43)^2+(X37-X43)^2),"") | BH37: =IF(AND(V37,V44),SQRT((W37-W44)^2+(X37-X44)^2),"") | BI37: =IF(AND(V37,V45),SQRT((W37-W45)^2+(X37-X45)^2),"") | BJ37: =IF(AND(V37,V46),SQRT((W37-W46)^2+(X37-X46)^2),"") | BK37: =IF(AND(V37,V47),SQRT((W37-W47)^2+(X37-X47)^2),"") | BL37: =IF(AND(V37,V48),SQRT((W37-W48)^2+(X37-X48)^2),"") | BM37: =IF(V37,AND(AF37<=$C$17/2-1.5*'2-Anchor Bolt'!$C$12/10,AG37<=$C$18/2-1.5*'2-Anchor Bolt'!$C$12/10),TRUE) -> TRUE | BP37: =-1*$C$23/2/$W$126 -> -0.83333333 | BQ37: =-1*$C$24/2/$W$126 -> -0.625 | BR37: =-1*$C$17/2/$W$126 -> -0.625 | BS37: =-1*$C$18/2/$W$126 -> -0.3125 | BT37: =IF($W$62,$W$69*COS((2*PI()*0/36)),IF($W$63,(-1*$W$69+(0)*$W$67),-1*$W$69))/$W$126 -> -0.41666667 | BU37: =IF($W$62,$W$69*SIN((2*PI()*0/36)),IF($W$63,(-1*$W$70),-1*$W$70))/$W$126 -> -0.20833333 | BV37: =IF($W$62,($W$69-$W$67)*COS((2*PI()*0/36)),IF($W$63,-$W$69,-1*($W$69-$W$67)))/$W$126 -> -0.41666667 | BW37: =IF($W$62,($W$69-$W$67)*SIN((2*PI()*0/36)),IF($W$63,-$W$70,-1*($W$70-$W$68)))/$W$126 -> -0.20833333 | BX37: =-($C$23/2+5)/$W$126 -> -0.9375 | BY37: 0 | CH37: =IF(AND($W$88="C",ISNUMBER($W$127)),IF($W$64,$W$127,-1*$C$17/2*1.1),NA())/$W$126 -> 0.077231367 | CI37: =IF(AND($W$88="C",ISNUMBER($W$127)),IF($W$64,-1*$C$18/2*1.1,$W$127),NA())/$W$126 -> -0.34375 | CJ37: =IF(OR($W$88="A",AND($W$88="C",ISNUMBER($W$127))),IF($W$64,$W$75*$W$71/2,(-$W$72/2+$W$72*0/20)),NA())/$W$126 -> 0.625 | CK37: =IF(OR($W$88="A",AND($W$88="C",ISNUMBER($W$127))),IF($W$64,(-$W$72/2+$W$72*0/20),$W$75*$W$71/2),NA())/$W$126 -> -0.3125 | CL37: =IF(V37,W37/$W$126,NA()) -> -0.52083333 | CM37: =IF(V37,X37/$W$126,NA()) -> -0.20833333 | CN37: =IF(V37,"("&TEXT(W37,"0.0")&" , "&TEXT(X37,"0.0")&")","") -> (-25.0 , -10.0) | CO37: =($C$23/2+5)/$W$126 -> 0.9375 | CP37: 0 | CQ37: X
A38: 2 | B38: 25 | C38: -10 | V38: =AND(ISNUMBER(B38),ISNUMBER(C38)) -> TRUE | W38: =IF(V38,B38,0) -> 25 | X38: =IF(V38,C38,0) -> -10 | Y38: =IF($W$64,W38,X38) -> 25 | Z38: =IF(V38,$W$71/2-$W$75*Y38,-1) -> 5 | AA38: =IF(V38,IF($W$88="B",$W$86+$W$85*(Z38-$W$82),IF($W$88="C",$W$93*$W$81*MAX(Z38-$W$90,0),0)),0) -> 0 | AB38: =IF(V38,IF($W$61,MAX(0,N(D38)),MAX(0,AA38)),0) -> 0 | AC38: =IF(V38,IF($W$61,ABS(N(E38)),ABS(N($C$32))/$W$77),0) -> 0.75 | AD38: =IF(V38,IF($W$61,ABS(N(F38)),ABS(N($C$33))/$W$77),0) -> 0.25 | AE38: =SQRT(AC38^2+AD38^2) -> 0.79056942 | AF38: =ABS(W38) -> 25 | AG38: =ABS(X38) -> 10 | AH38: =AF38>$W$69 -> TRUE | AI38: =AG38>$W$70 -> FALSE | AJ38: =SQRT(W38^2+X38^2) -> 26.925824 | AK38: =IF(AND(AH38,AI38),$W$64,AH38) -> TRUE | AL38: =IF($W$63,AG38-$W$68/2,($W$70-$W$68)-AG38) -> 9.6 | AM38: =($W$69-$W$67)-AF38 -> -6.4 | AN38: =IF($W$62,IF(AJ38>$W$65/2,AJ38-$W$65/2,$W$65/2-$W$67-AJ38),IF(OR(AH38,AI38),IF(AK38,AF38-$W$69,AG38-$W$70),MIN(AL38,AM38))) -> 5 | AO38: =IF($W$62,IF(AJ38>$W$65/2,MIN($C$17/2-AF38,$C$18/2-AG38),1.25*AN38),IF(OR(AH38,AI38),IF(AK38,$C$17/2-AF38,$C$18/2-AG38),IF(AND(AL38<=AM38,$W$63),$C$18/2-AG38,1.25*AN38))) -> 5 | AP38: =IF(V38,IF($W$62,2*PI()*MAX(AJ38,0.1)/$W$77,IF(OR(AH38,AI38),IF(AK38,$C$18/SUMPRODUCT(--($V$37:$V$48),--($W$37:$W$48=W38)),$C$17/SUMPRODUCT(--($V$37:$V$48),--($X$37:$X$48=X38))),IF(AL38<=AM38,($W$65-2*$W$67)/SUMPRODUCT(--($V$37:$V$48),--($X$37:$X$48=X38)),IF($W$63,$W$66,$W$66-2*$W$68)/SUMPRODUCT(--($V$37:$V$48),--($W$37:$W$48=W38))))),1) -> 15 | AQ38: =MAX(0.1,AN38) -> 5 | AR38: =MAX(0.1,MIN(AO38,1.25*AQ38)) -> 5 | AS38: =AP38*$C$19^4/(AR38*AQ38^2*$W$78) -> 5.5717833 | AT38: =IF(AND(V38,NOT($W$61),AB38>0),MAX(0,AB38*(0.5-AS38/30)/((3*AR38/(4*AQ38)+1)*(AR38/(3*AQ38)+1)+AS38/6)),0) -> 0 | AU38: =AB38+AT38 -> 0 | AV38: =IF(AB38>0,MAX(AB38*AQ38-AT38*AR38,AT38*AR38)/AP38,0) -> 0 | AW38: =$C$23/2-AF38 -> 15 | AX38: =$C$24/2-AG38 -> 20 | AY38: =IF(V38,MIN(AW38,AX38),"") -> 15 | BC38: =IF(AND(V38,V39),SQRT((W38-W39)^2+(X38-X39)^2),"") -> 20 | BD38: =IF(AND(V38,V40),SQRT((W38-W40)^2+(X38-X40)^2),"") -> 53.851648 | BE38: =IF(AND(V38,V41),SQRT((W38-W41)^2+(X38-X41)^2),"") | BF38: =IF(AND(V38,V42),SQRT((W38-W42)^2+(X38-X42)^2),"") | BG38: =IF(AND(V38,V43),SQRT((W38-W43)^2+(X38-X43)^2),"") | BH38: =IF(AND(V38,V44),SQRT((W38-W44)^2+(X38-X44)^2),"") | BI38: =IF(AND(V38,V45),SQRT((W38-W45)^2+(X38-X45)^2),"") | BJ38: =IF(AND(V38,V46),SQRT((W38-W46)^2+(X38-X46)^2),"") | BK38: =IF(AND(V38,V47),SQRT((W38-W47)^2+(X38-X47)^2),"") | BL38: =IF(AND(V38,V48),SQRT((W38-W48)^2+(X38-X48)^2),"") | BM38: =IF(V38,AND(AF38<=$C$17/2-1.5*'2-Anchor Bolt'!$C$12/10,AG38<=$C$18/2-1.5*'2-Anchor Bolt'!$C$12/10),TRUE) -> TRUE | BP38: =1*$C$23/2/$W$126 -> 0.83333333 | BQ38: =-1*$C$24/2/$W$126 -> -0.625 | BR38: =1*$C$17/2/$W$126 -> 0.625 | BS38: =-1*$C$18/2/$W$126 -> -0.3125 | BT38: =IF($W$62,$W$69*COS((2*PI()*1/36)),IF($W$63,(-1*$W$69+(1)*$W$67),1*$W$69))/$W$126 -> -0.3875 | BU38: =IF($W$62,$W$69*SIN((2*PI()*1/36)),IF($W$63,(-1*$W$70),-1*$W$70))/$W$126 -> -0.20833333 | BV38: =IF($W$62,($W$69-$W$67)*COS((2*PI()*1/36)),IF($W$63,-$W$69,1*($W$69-$W$67)))/$W$126 -> -0.41666667 | BW38: =IF($W$62,($W$69-$W$67)*SIN((2*PI()*1/36)),IF($W$63,-$W$70,-1*($W$70-$W$68)))/$W$126 -> -0.20833333 | BX38: =($C$23/2+5)/$W$126 -> 0.9375 | BY38: 0 | CH38: =IF(AND($W$88="C",ISNUMBER($W$127)),IF($W$64,$W$127,1*$C$17/2*1.1),NA())/$W$126 -> 0.077231367 | CI38: =IF(AND($W$88="C",ISNUMBER($W$127)),IF($W$64,1*$C$18/2*1.1,$W$127),NA())/$W$126 -> 0.34375 | CJ38: =IF(OR($W$88="A",AND($W$88="C",ISNUMBER($W$127))),IF($W$64,IF($W$88="A",-$W$75*$W$71/2,$W$127),(-$W$72/2+$W$72*1/20)),NA())/$W$126 -> 0.077231367 | CK38: =IF(OR($W$88="A",AND($W$88="C",ISNUMBER($W$127))),IF($W$64,(-$W$72/2+$W$72*1/20),IF($W$88="A",-$W$75*$W$71/2,$W$127)),NA())/$W$126 -> -0.28125 | CL38: =IF(V38,W38/$W$126,NA()) -> 0.52083333 | CM38: =IF(V38,X38/$W$126,NA()) -> -0.20833333 | CN38: =IF(V38,"("&TEXT(W38,"0.0")&" , "&TEXT(X38,"0.0")&")","") -> (25.0 , -10.0) | CO38: 0 | CP38: =($C$24/2+5)/$W$126 -> 0.72916667 | CQ38: Y
A39: 3 | B39: 25 | C39: 10 | V39: =AND(ISNUMBER(B39),ISNUMBER(C39)) -> TRUE | W39: =IF(V39,B39,0) -> 25 | X39: =IF(V39,C39,0) -> 10 | Y39: =IF($W$64,W39,X39) -> 25 | Z39: =IF(V39,$W$71/2-$W$75*Y39,-1) -> 5 | AA39: =IF(V39,IF($W$88="B",$W$86+$W$85*(Z39-$W$82),IF($W$88="C",$W$93*$W$81*MAX(Z39-$W$90,0),0)),0) -> 0 | AB39: =IF(V39,IF($W$61,MAX(0,N(D39)),MAX(0,AA39)),0) -> 0 | AC39: =IF(V39,IF($W$61,ABS(N(E39)),ABS(N($C$32))/$W$77),0) -> 0.75 | AD39: =IF(V39,IF($W$61,ABS(N(F39)),ABS(N($C$33))/$W$77),0) -> 0.25 | AE39: =SQRT(AC39^2+AD39^2) -> 0.79056942 | AF39: =ABS(W39) -> 25 | AG39: =ABS(X39) -> 10 | AH39: =AF39>$W$69 -> TRUE | AI39: =AG39>$W$70 -> FALSE | AJ39: =SQRT(W39^2+X39^2) -> 26.925824 | AK39: =IF(AND(AH39,AI39),$W$64,AH39) -> TRUE | AL39: =IF($W$63,AG39-$W$68/2,($W$70-$W$68)-AG39) -> 9.6 | AM39: =($W$69-$W$67)-AF39 -> -6.4 | AN39: =IF($W$62,IF(AJ39>$W$65/2,AJ39-$W$65/2,$W$65/2-$W$67-AJ39),IF(OR(AH39,AI39),IF(AK39,AF39-$W$69,AG39-$W$70),MIN(AL39,AM39))) -> 5 | AO39: =IF($W$62,IF(AJ39>$W$65/2,MIN($C$17/2-AF39,$C$18/2-AG39),1.25*AN39),IF(OR(AH39,AI39),IF(AK39,$C$17/2-AF39,$C$18/2-AG39),IF(AND(AL39<=AM39,$W$63),$C$18/2-AG39,1.25*AN39))) -> 5 | AP39: =IF(V39,IF($W$62,2*PI()*MAX(AJ39,0.1)/$W$77,IF(OR(AH39,AI39),IF(AK39,$C$18/SUMPRODUCT(--($V$37:$V$48),--($W$37:$W$48=W39)),$C$17/SUMPRODUCT(--($V$37:$V$48),--($X$37:$X$48=X39))),IF(AL39<=AM39,($W$65-2*$W$67)/SUMPRODUCT(--($V$37:$V$48),--($X$37:$X$48=X39)),IF($W$63,$W$66,$W$66-2*$W$68)/SUMPRODUCT(--($V$37:$V$48),--($W$37:$W$48=W39))))),1) -> 15 | AQ39: =MAX(0.1,AN39) -> 5 | AR39: =MAX(0.1,MIN(AO39,1.25*AQ39)) -> 5 | AS39: =AP39*$C$19^4/(AR39*AQ39^2*$W$78) -> 5.5717833 | AT39: =IF(AND(V39,NOT($W$61),AB39>0),MAX(0,AB39*(0.5-AS39/30)/((3*AR39/(4*AQ39)+1)*(AR39/(3*AQ39)+1)+AS39/6)),0) -> 0 | AU39: =AB39+AT39 -> 0 | AV39: =IF(AB39>0,MAX(AB39*AQ39-AT39*AR39,AT39*AR39)/AP39,0) -> 0 | AW39: =$C$23/2-AF39 -> 15 | AX39: =$C$24/2-AG39 -> 20 | AY39: =IF(V39,MIN(AW39,AX39),"") -> 15 | BD39: =IF(AND(V39,V40),SQRT((W39-W40)^2+(X39-X40)^2),"") -> 50 | BE39: =IF(AND(V39,V41),SQRT((W39-W41)^2+(X39-X41)^2),"") | BF39: =IF(AND(V39,V42),SQRT((W39-W42)^2+(X39-X42)^2),"") | BG39: =IF(AND(V39,V43),SQRT((W39-W43)^2+(X39-X43)^2),"") | BH39: =IF(AND(V39,V44),SQRT((W39-W44)^2+(X39-X44)^2),"") | BI39: =IF(AND(V39,V45),SQRT((W39-W45)^2+(X39-X45)^2),"") | BJ39: =IF(AND(V39,V46),SQRT((W39-W46)^2+(X39-X46)^2),"") | BK39: =IF(AND(V39,V47),SQRT((W39-W47)^2+(X39-X47)^2),"") | BL39: =IF(AND(V39,V48),SQRT((W39-W48)^2+(X39-X48)^2),"") | BM39: =IF(V39,AND(AF39<=$C$17/2-1.5*'2-Anchor Bolt'!$C$12/10,AG39<=$C$18/2-1.5*'2-Anchor Bolt'!$C$12/10),TRUE) -> TRUE | BP39: =1*$C$23/2/$W$126 -> 0.83333333 | BQ39: =1*$C$24/2/$W$126 -> 0.625 | BR39: =1*$C$17/2/$W$126 -> 0.625 | BS39: =1*$C$18/2/$W$126 -> 0.3125 | BT39: =IF($W$62,$W$69*COS((2*PI()*2/36)),IF($W$63,(-1*$W$69+(1)*$W$67),1*$W$69))/$W$126 -> -0.3875 | BU39: =IF($W$62,$W$69*SIN((2*PI()*2/36)),IF($W$63,((-1)*$W$68/2),1*$W$70))/$W$126 -> -0.0083333333 | BV39: =IF($W$62,($W$69-$W$67)*COS((2*PI()*2/36)),IF($W$63,-$W$69,1*($W$69-$W$67)))/$W$126 -> -0.41666667 | BW39: =IF($W$62,($W$69-$W$67)*SIN((2*PI()*2/36)),IF($W$63,-$W$70,1*($W$70-$W$68)))/$W$126 -> -0.20833333 | BX39: 0 | BY39: =-($C$24/2+5)/$W$126 -> -0.72916667 | CJ39: =IF(OR($W$88="A",AND($W$88="C",ISNUMBER($W$127))),IF($W$64,$W$75*$W$71/2,(-$W$72/2+$W$72*2/20)),NA())/$W$126 -> 0.625 | CK39: =IF(OR($W$88="A",AND($W$88="C",ISNUMBER($W$127))),IF($W$64,(-$W$72/2+$W$72*2/20),$W$75*$W$71/2),NA())/$W$126 -> -0.25 | CL39: =IF(V39,W39/$W$126,NA()) -> 0.52083333 | CM39: =IF(V39,X39/$W$126,NA()) -> 0.20833333 | CN39: =IF(V39,"("&TEXT(W39,"0.0")&" , "&TEXT(X39,"0.0")&")","") -> (25.0 , 10.0) | CO39: 0 | CP39: =-($C$24/2+1)/$W$126 -> -0.64583333 | CQ39: ="Bx = "&$C$23&" cm" -> Bx = 80 cm
A40: 4 | B40: -25 | C40: 10 | V40: =AND(ISNUMBER(B40),ISNUMBER(C40)) -> TRUE | W40: =IF(V40,B40,0) -> -25 | X40: =IF(V40,C40,0) -> 10 | Y40: =IF($W$64,W40,X40) -> -25 | Z40: =IF(V40,$W$71/2-$W$75*Y40,-1) -> 55 | AA40: =IF(V40,IF($W$88="B",$W$86+$W$85*(Z40-$W$82),IF($W$88="C",$W$93*$W$81*MAX(Z40-$W$90,0),0)),0) -> 4.0587297 | AB40: =IF(V40,IF($W$61,MAX(0,N(D40)),MAX(0,AA40)),0) -> 4.0587297 | AC40: =IF(V40,IF($W$61,ABS(N(E40)),ABS(N($C$32))/$W$77),0) -> 0.75 | AD40: =IF(V40,IF($W$61,ABS(N(F40)),ABS(N($C$33))/$W$77),0) -> 0.25 | AE40: =SQRT(AC40^2+AD40^2) -> 0.79056942 | AF40: =ABS(W40) -> 25 | AG40: =ABS(X40) -> 10 | AH40: =AF40>$W$69 -> TRUE | AI40: =AG40>$W$70 -> FALSE | AJ40: =SQRT(W40^2+X40^2) -> 26.925824 | AK40: =IF(AND(AH40,AI40),$W$64,AH40) -> TRUE | AL40: =IF($W$63,AG40-$W$68/2,($W$70-$W$68)-AG40) -> 9.6 | AM40: =($W$69-$W$67)-AF40 -> -6.4 | AN40: =IF($W$62,IF(AJ40>$W$65/2,AJ40-$W$65/2,$W$65/2-$W$67-AJ40),IF(OR(AH40,AI40),IF(AK40,AF40-$W$69,AG40-$W$70),MIN(AL40,AM40))) -> 5 | AO40: =IF($W$62,IF(AJ40>$W$65/2,MIN($C$17/2-AF40,$C$18/2-AG40),1.25*AN40),IF(OR(AH40,AI40),IF(AK40,$C$17/2-AF40,$C$18/2-AG40),IF(AND(AL40<=AM40,$W$63),$C$18/2-AG40,1.25*AN40))) -> 5 | AP40: =IF(V40,IF($W$62,2*PI()*MAX(AJ40,0.1)/$W$77,IF(OR(AH40,AI40),IF(AK40,$C$18/SUMPRODUCT(--($V$37:$V$48),--($W$37:$W$48=W40)),$C$17/SUMPRODUCT(--($V$37:$V$48),--($X$37:$X$48=X40))),IF(AL40<=AM40,($W$65-2*$W$67)/SUMPRODUCT(--($V$37:$V$48),--($X$37:$X$48=X40)),IF($W$63,$W$66,$W$66-2*$W$68)/SUMPRODUCT(--($V$37:$V$48),--($W$37:$W$48=W40))))),1) -> 15 | AQ40: =MAX(0.1,AN40) -> 5 | AR40: =MAX(0.1,MIN(AO40,1.25*AQ40)) -> 5 | AS40: =AP40*$C$19^4/(AR40*AQ40^2*$W$78) -> 5.5717833 | AT40: =IF(AND(V40,NOT($W$61),AB40>0),MAX(0,AB40*(0.5-AS40/30)/((3*AR40/(4*AQ40)+1)*(AR40/(3*AQ40)+1)+AS40/6)),0) -> 0.39103829 | AU40: =AB40+AT40 -> 4.449768 | AV40: =IF(AB40>0,MAX(AB40*AQ40-AT40*AR40,AT40*AR40)/AP40,0) -> 1.2225638 | AW40: =$C$23/2-AF40 -> 15 | AX40: =$C$24/2-AG40 -> 20 | AY40: =IF(V40,MIN(AW40,AX40),"") -> 15 | BE40: =IF(AND(V40,V41),SQRT((W40-W41)^2+(X40-X41)^2),"") | BF40: =IF(AND(V40,V42),SQRT((W40-W42)^2+(X40-X42)^2),"") | BG40: =IF(AND(V40,V43),SQRT((W40-W43)^2+(X40-X43)^2),"") | BH40: =IF(AND(V40,V44),SQRT((W40-W44)^2+(X40-X44)^2),"") | BI40: =IF(AND(V40,V45),SQRT((W40-W45)^2+(X40-X45)^2),"") | BJ40: =IF(AND(V40,V46),SQRT((W40-W46)^2+(X40-X46)^2),"") | BK40: =IF(AND(V40,V47),SQRT((W40-W47)^2+(X40-X47)^2),"") | BL40: =IF(AND(V40,V48),SQRT((W40-W48)^2+(X40-X48)^2),"") | BM40: =IF(V40,AND(AF40<=$C$17/2-1.5*'2-Anchor Bolt'!$C$12/10,AG40<=$C$18/2-1.5*'2-Anchor Bolt'!$C$12/10),TRUE) -> TRUE | BP40: =-1*$C$23/2/$W$126 -> -0.83333333 | BQ40: =1*$C$24/2/$W$126 -> 0.625 | BR40: =-1*$C$17/2/$W$126 -> -0.625 | BS40: =1*$C$18/2/$W$126 -> 0.3125 | BT40: =IF($W$62,$W$69*COS((2*PI()*3/36)),IF($W$63,(1*$W$69+(-1)*$W$67),-1*$W$69))/$W$126 -> 0.3875 | BU40: =IF($W$62,$W$69*SIN((2*PI()*3/36)),IF($W$63,((-1)*$W$68/2),1*$W$70))/$W$126 -> -0.0083333333 | BV40: =IF($W$62,($W$69-$W$67)*COS((2*PI()*3/36)),IF($W$63,-$W$69,-1*($W$69-$W$67)))/$W$126 -> -0.41666667 | BW40: =IF($W$62,($W$69-$W$67)*SIN((2*PI()*3/36)),IF($W$63,-$W$70,1*($W$70-$W$68)))/$W$126 -> -0.20833333 | BX40: 0 | BY40: =($C$24/2+5)/$W$126 -> 0.72916667 | CJ40: =IF(OR($W$88="A",AND($W$88="C",ISNUMBER($W$127))),IF($W$64,IF($W$88="A",-$W$75*$W$71/2,$W$127),(-$W$72/2+$W$72*3/20)),NA())/$W$126 -> 0.077231367 | CK40: =IF(OR($W$88="A",AND($W$88="C",ISNUMBER($W$127))),IF($W$64,(-$W$72/2+$W$72*3/20),IF($W$88="A",-$W$75*$W$71/2,$W$127)),NA())/$W$126 -> -0.21875 | CL40: =IF(V40,W40/$W$126,NA()) -> -0.52083333 | CM40: =IF(V40,X40/$W$126,NA()) -> 0.20833333 | CN40: =IF(V40,"("&TEXT(W40,"0.0")&" , "&TEXT(X40,"0.0")&")","") -> (-25.0 , 10.0) | CO40: =-($C$23/2+1)/$W$126 -> -0.85416667 | CP40: 0 | CQ40: ="By = "&$C$24 -> By = 60
A41: 5 | V41: =AND(ISNUMBER(B41),ISNUMBER(C41)) -> FALSE | W41: =IF(V41,B41,0) -> 0 | X41: =IF(V41,C41,0) -> 0 | Y41: =IF($W$64,W41,X41) -> 0 | Z41: =IF(V41,$W$71/2-$W$75*Y41,-1) -> -1 | AA41: =IF(V41,IF($W$88="B",$W$86+$W$85*(Z41-$W$82),IF($W$88="C",$W$93*$W$81*MAX(Z41-$W$90,0),0)),0) -> 0 | AB41: =IF(V41,IF($W$61,MAX(0,N(D41)),MAX(0,AA41)),0) -> 0 | AC41: =IF(V41,IF($W$61,ABS(N(E41)),ABS(N($C$32))/$W$77),0) -> 0 | AD41: =IF(V41,IF($W$61,ABS(N(F41)),ABS(N($C$33))/$W$77),0) -> 0 | AE41: =SQRT(AC41^2+AD41^2) -> 0 | AF41: =ABS(W41) -> 0 | AG41: =ABS(X41) -> 0 | AH41: =AF41>$W$69 -> FALSE | AI41: =AG41>$W$70 -> FALSE | AJ41: =SQRT(W41^2+X41^2) -> 0 | AK41: =IF(AND(AH41,AI41),$W$64,AH41) -> FALSE | AL41: =IF($W$63,AG41-$W$68/2,($W$70-$W$68)-AG41) -> -0.4 | AM41: =($W$69-$W$67)-AF41 -> 18.6 | AN41: =IF($W$62,IF(AJ41>$W$65/2,AJ41-$W$65/2,$W$65/2-$W$67-AJ41),IF(OR(AH41,AI41),IF(AK41,AF41-$W$69,AG41-$W$70),MIN(AL41,AM41))) -> -0.4 | AO41: =IF($W$62,IF(AJ41>$W$65/2,MIN($C$17/2-AF41,$C$18/2-AG41),1.25*AN41),IF(OR(AH41,AI41),IF(AK41,$C$17/2-AF41,$C$18/2-AG41),IF(AND(AL41<=AM41,$W$63),$C$18/2-AG41,1.25*AN41))) -> 15 | AP41: =IF(V41,IF($W$62,2*PI()*MAX(AJ41,0.1)/$W$77,IF(OR(AH41,AI41),IF(AK41,$C$18/SUMPRODUCT(--($V$37:$V$48),--($W$37:$W$48=W41)),$C$17/SUMPRODUCT(--($V$37:$V$48),--($X$37:$X$48=X41))),IF(AL41<=AM41,($W$65-2*$W$67)/SUMPRODUCT(--($V$37:$V$48),--($X$37:$X$48=X41)),IF($W$63,$W$66,$W$66-2*$W$68)/SUMPRODUCT(--($V$37:$V$48),--($W$37:$W$48=W41))))),1) -> 1 | AQ41: =MAX(0.1,AN41) -> 0.1 | AR41: =MAX(0.1,MIN(AO41,1.25*AQ41)) -> 0.125 | AS41: =AP41*$C$19^4/(AR41*AQ41^2*$W$78) -> 37145.222 | AT41: =IF(AND(V41,NOT($W$61),AB41>0),MAX(0,AB41*(0.5-AS41/30)/((3*AR41/(4*AQ41)+1)*(AR41/(3*AQ41)+1)+AS41/6)),0) -> 0 | AU41: =AB41+AT41 -> 0 | AV41: =IF(AB41>0,MAX(AB41*AQ41-AT41*AR41,AT41*AR41)/AP41,0) -> 0 | AW41: =$C$23/2-AF41 -> 40 | AX41: =$C$24/2-AG41 -> 30 | AY41: =IF(V41,MIN(AW41,AX41),"") | BF41: =IF(AND(V41,V42),SQRT((W41-W42)^2+(X41-X42)^2),"") | BG41: =IF(AND(V41,V43),SQRT((W41-W43)^2+(X41-X43)^2),"") | BH41: =IF(AND(V41,V44),SQRT((W41-W44)^2+(X41-X44)^2),"") | BI41: =IF(AND(V41,V45),SQRT((W41-W45)^2+(X41-X45)^2),"") | BJ41: =IF(AND(V41,V46),SQRT((W41-W46)^2+(X41-X46)^2),"") | BK41: =IF(AND(V41,V47),SQRT((W41-W47)^2+(X41-X47)^2),"") | BL41: =IF(AND(V41,V48),SQRT((W41-W48)^2+(X41-X48)^2),"") | BM41: =IF(V41,AND(AF41<=$C$17/2-1.5*'2-Anchor Bolt'!$C$12/10,AG41<=$C$18/2-1.5*'2-Anchor Bolt'!$C$12/10),TRUE) -> TRUE | BP41: =-1*$C$23/2/$W$126 -> -0.83333333 | BQ41: =-1*$C$24/2/$W$126 -> -0.625 | BR41: =-1*$C$17/2/$W$126 -> -0.625 | BS41: =-1*$C$18/2/$W$126 -> -0.3125 | BT41: =IF($W$62,$W$69*COS((2*PI()*4/36)),IF($W$63,(1*$W$69+(-1)*$W$67),-1*$W$69))/$W$126 -> 0.3875 | BU41: =IF($W$62,$W$69*SIN((2*PI()*4/36)),IF($W$63,(-1*$W$70),-1*$W$70))/$W$126 -> -0.20833333 | BV41: =IF($W$62,($W$69-$W$67)*COS((2*PI()*4/36)),IF($W$63,-$W$69,-1*($W$69-$W$67)))/$W$126 -> -0.41666667 | BW41: =IF($W$62,($W$69-$W$67)*SIN((2*PI()*4/36)),IF($W$63,-$W$70,-1*($W$70-$W$68)))/$W$126 -> -0.20833333 | CJ41: =IF(OR($W$88="A",AND($W$88="C",ISNUMBER($W$127))),IF($W$64,$W$75*$W$71/2,(-$W$72/2+$W$72*4/20)),NA())/$W$126 -> 0.625 | CK41: =IF(OR($W$88="A",AND($W$88="C",ISNUMBER($W$127))),IF($W$64,(-$W$72/2+$W$72*4/20),$W$75*$W$71/2),NA())/$W$126 -> -0.1875 | CL41: =IF(V41,W41/$W$126,NA()) -> #N/A | CM41: =IF(V41,X41/$W$126,NA()) -> #N/A | CN41: =IF(V41,"("&TEXT(W41,"0.0")&" , "&TEXT(X41,"0.0")&")","") | CO41: =IF(AND($W$88="C",ISNUMBER($W$127)),IF($W$64,$W$127,$C$17/2*1.1),0)/$W$126 -> 0.077231367 | CP41: =IF(AND($W$88="C",ISNUMBER($W$127)),IF($W$64,$C$18/2*1.1,$W$127),0)/$W$126 -> 0.34375 | CQ41: =IF(AND($W$88="C",ISNUMBER($W$127)),"N.A.","") -> N.A.
A42: 6 | V42: =AND(ISNUMBER(B42),ISNUMBER(C42)) -> FALSE | W42: =IF(V42,B42,0) -> 0 | X42: =IF(V42,C42,0) -> 0 | Y42: =IF($W$64,W42,X42) -> 0 | Z42: =IF(V42,$W$71/2-$W$75*Y42,-1) -> -1 | AA42: =IF(V42,IF($W$88="B",$W$86+$W$85*(Z42-$W$82),IF($W$88="C",$W$93*$W$81*MAX(Z42-$W$90,0),0)),0) -> 0 | AB42: =IF(V42,IF($W$61,MAX(0,N(D42)),MAX(0,AA42)),0) -> 0 | AC42: =IF(V42,IF($W$61,ABS(N(E42)),ABS(N($C$32))/$W$77),0) -> 0 | AD42: =IF(V42,IF($W$61,ABS(N(F42)),ABS(N($C$33))/$W$77),0) -> 0 | AE42: =SQRT(AC42^2+AD42^2) -> 0 | AF42: =ABS(W42) -> 0 | AG42: =ABS(X42) -> 0 | AH42: =AF42>$W$69 -> FALSE | AI42: =AG42>$W$70 -> FALSE | AJ42: =SQRT(W42^2+X42^2) -> 0 | AK42: =IF(AND(AH42,AI42),$W$64,AH42) -> FALSE | AL42: =IF($W$63,AG42-$W$68/2,($W$70-$W$68)-AG42) -> -0.4 | AM42: =($W$69-$W$67)-AF42 -> 18.6 | AN42: =IF($W$62,IF(AJ42>$W$65/2,AJ42-$W$65/2,$W$65/2-$W$67-AJ42),IF(OR(AH42,AI42),IF(AK42,AF42-$W$69,AG42-$W$70),MIN(AL42,AM42))) -> -0.4 | AO42: =IF($W$62,IF(AJ42>$W$65/2,MIN($C$17/2-AF42,$C$18/2-AG42),1.25*AN42),IF(OR(AH42,AI42),IF(AK42,$C$17/2-AF42,$C$18/2-AG42),IF(AND(AL42<=AM42,$W$63),$C$18/2-AG42,1.25*AN42))) -> 15 | AP42: =IF(V42,IF($W$62,2*PI()*MAX(AJ42,0.1)/$W$77,IF(OR(AH42,AI42),IF(AK42,$C$18/SUMPRODUCT(--($V$37:$V$48),--($W$37:$W$48=W42)),$C$17/SUMPRODUCT(--($V$37:$V$48),--($X$37:$X$48=X42))),IF(AL42<=AM42,($W$65-2*$W$67)/SUMPRODUCT(--($V$37:$V$48),--($X$37:$X$48=X42)),IF($W$63,$W$66,$W$66-2*$W$68)/SUMPRODUCT(--($V$37:$V$48),--($W$37:$W$48=W42))))),1) -> 1 | AQ42: =MAX(0.1,AN42) -> 0.1 | AR42: =MAX(0.1,MIN(AO42,1.25*AQ42)) -> 0.125 | AS42: =AP42*$C$19^4/(AR42*AQ42^2*$W$78) -> 37145.222 | AT42: =IF(AND(V42,NOT($W$61),AB42>0),MAX(0,AB42*(0.5-AS42/30)/((3*AR42/(4*AQ42)+1)*(AR42/(3*AQ42)+1)+AS42/6)),0) -> 0 | AU42: =AB42+AT42 -> 0 | AV42: =IF(AB42>0,MAX(AB42*AQ42-AT42*AR42,AT42*AR42)/AP42,0) -> 0 | AW42: =$C$23/2-AF42 -> 40 | AX42: =$C$24/2-AG42 -> 30 | AY42: =IF(V42,MIN(AW42,AX42),"") | BG42: =IF(AND(V42,V43),SQRT((W42-W43)^2+(X42-X43)^2),"") | BH42: =IF(AND(V42,V44),SQRT((W42-W44)^2+(X42-X44)^2),"") | BI42: =IF(AND(V42,V45),SQRT((W42-W45)^2+(X42-X45)^2),"") | BJ42: =IF(AND(V42,V46),SQRT((W42-W46)^2+(X42-X46)^2),"") | BK42: =IF(AND(V42,V47),SQRT((W42-W47)^2+(X42-X47)^2),"") | BL42: =IF(AND(V42,V48),SQRT((W42-W48)^2+(X42-X48)^2),"") | BM42: =IF(V42,AND(AF42<=$C$17/2-1.5*'2-Anchor Bolt'!$C$12/10,AG42<=$C$18/2-1.5*'2-Anchor Bolt'!$C$12/10),TRUE) -> TRUE | BT42: =IF($W$62,$W$69*COS((2*PI()*5/36)),IF($W$63,(1*$W$69+(0)*$W$67),-1*$W$69))/$W$126 -> 0.41666667 | BU42: =IF($W$62,$W$69*SIN((2*PI()*5/36)),IF($W$63,(-1*$W$70),-1*$W$70))/$W$126 -> -0.20833333 | BV42: =IF($W$62,($W$69-$W$67)*COS((2*PI()*5/36)),IF($W$63,-$W$69,-1*($W$69-$W$67)))/$W$126 -> -0.41666667 | BW42: =IF($W$62,($W$69-$W$67)*SIN((2*PI()*5/36)),IF($W$63,-$W$70,-1*($W$70-$W$68)))/$W$126 -> -0.20833333 | CJ42: =IF(OR($W$88="A",AND($W$88="C",ISNUMBER($W$127))),IF($W$64,IF($W$88="A",-$W$75*$W$71/2,$W$127),(-$W$72/2+$W$72*5/20)),NA())/$W$126 -> 0.077231367 | CK42: =IF(OR($W$88="A",AND($W$88="C",ISNUMBER($W$127))),IF($W$64,(-$W$72/2+$W$72*5/20),IF($W$88="A",-$W$75*$W$71/2,$W$127)),NA())/$W$126 -> -0.15625 | CL42: =IF(V42,W42/$W$126,NA()) -> #N/A | CM42: =IF(V42,X42/$W$126,NA()) -> #N/A | CN42: =IF(V42,"("&TEXT(W42,"0.0")&" , "&TEXT(X42,"0.0")&")","")
A43: 7 | V43: =AND(ISNUMBER(B43),ISNUMBER(C43)) -> FALSE | W43: =IF(V43,B43,0) -> 0 | X43: =IF(V43,C43,0) -> 0 | Y43: =IF($W$64,W43,X43) -> 0 | Z43: =IF(V43,$W$71/2-$W$75*Y43,-1) -> -1 | AA43: =IF(V43,IF($W$88="B",$W$86+$W$85*(Z43-$W$82),IF($W$88="C",$W$93*$W$81*MAX(Z43-$W$90,0),0)),0) -> 0 | AB43: =IF(V43,IF($W$61,MAX(0,N(D43)),MAX(0,AA43)),0) -> 0 | AC43: =IF(V43,IF($W$61,ABS(N(E43)),ABS(N($C$32))/$W$77),0) -> 0 | AD43: =IF(V43,IF($W$61,ABS(N(F43)),ABS(N($C$33))/$W$77),0) -> 0 | AE43: =SQRT(AC43^2+AD43^2) -> 0 | AF43: =ABS(W43) -> 0 | AG43: =ABS(X43) -> 0 | AH43: =AF43>$W$69 -> FALSE | AI43: =AG43>$W$70 -> FALSE | AJ43: =SQRT(W43^2+X43^2) -> 0 | AK43: =IF(AND(AH43,AI43),$W$64,AH43) -> FALSE | AL43: =IF($W$63,AG43-$W$68/2,($W$70-$W$68)-AG43) -> -0.4 | AM43: =($W$69-$W$67)-AF43 -> 18.6 | AN43: =IF($W$62,IF(AJ43>$W$65/2,AJ43-$W$65/2,$W$65/2-$W$67-AJ43),IF(OR(AH43,AI43),IF(AK43,AF43-$W$69,AG43-$W$70),MIN(AL43,AM43))) -> -0.4 | AO43: =IF($W$62,IF(AJ43>$W$65/2,MIN($C$17/2-AF43,$C$18/2-AG43),1.25*AN43),IF(OR(AH43,AI43),IF(AK43,$C$17/2-AF43,$C$18/2-AG43),IF(AND(AL43<=AM43,$W$63),$C$18/2-AG43,1.25*AN43))) -> 15 | AP43: =IF(V43,IF($W$62,2*PI()*MAX(AJ43,0.1)/$W$77,IF(OR(AH43,AI43),IF(AK43,$C$18/SUMPRODUCT(--($V$37:$V$48),--($W$37:$W$48=W43)),$C$17/SUMPRODUCT(--($V$37:$V$48),--($X$37:$X$48=X43))),IF(AL43<=AM43,($W$65-2*$W$67)/SUMPRODUCT(--($V$37:$V$48),--($X$37:$X$48=X43)),IF($W$63,$W$66,$W$66-2*$W$68)/SUMPRODUCT(--($V$37:$V$48),--($W$37:$W$48=W43))))),1) -> 1 | AQ43: =MAX(0.1,AN43) -> 0.1 | AR43: =MAX(0.1,MIN(AO43,1.25*AQ43)) -> 0.125 | AS43: =AP43*$C$19^4/(AR43*AQ43^2*$W$78) -> 37145.222 | AT43: =IF(AND(V43,NOT($W$61),AB43>0),MAX(0,AB43*(0.5-AS43/30)/((3*AR43/(4*AQ43)+1)*(AR43/(3*AQ43)+1)+AS43/6)),0) -> 0 | AU43: =AB43+AT43 -> 0 | AV43: =IF(AB43>0,MAX(AB43*AQ43-AT43*AR43,AT43*AR43)/AP43,0) -> 0 | AW43: =$C$23/2-AF43 -> 40 | AX43: =$C$24/2-AG43 -> 30 | AY43: =IF(V43,MIN(AW43,AX43),"") | BH43: =IF(AND(V43,V44),SQRT((W43-W44)^2+(X43-X44)^2),"") | BI43: =IF(AND(V43,V45),SQRT((W43-W45)^2+(X43-X45)^2),"") | BJ43: =IF(AND(V43,V46),SQRT((W43-W46)^2+(X43-X46)^2),"") | BK43: =IF(AND(V43,V47),SQRT((W43-W47)^2+(X43-X47)^2),"") | BL43: =IF(AND(V43,V48),SQRT((W43-W48)^2+(X43-X48)^2),"") | BM43: =IF(V43,AND(AF43<=$C$17/2-1.5*'2-Anchor Bolt'!$C$12/10,AG43<=$C$18/2-1.5*'2-Anchor Bolt'!$C$12/10),TRUE) -> TRUE | BT43: =IF($W$62,$W$69*COS((2*PI()*6/36)),IF($W$63,(1*$W$69+(0)*$W$67),-1*$W$69))/$W$126 -> 0.41666667 | BU43: =IF($W$62,$W$69*SIN((2*PI()*6/36)),IF($W$63,(1*$W$70),-1*$W$70))/$W$126 -> 0.20833333 | BV43: =IF($W$62,($W$69-$W$67)*COS((2*PI()*6/36)),IF($W$63,-$W$69,-1*($W$69-$W$67)))/$W$126 -> -0.41666667 | BW43: =IF($W$62,($W$69-$W$67)*SIN((2*PI()*6/36)),IF($W$63,-$W$70,-1*($W$70-$W$68)))/$W$126 -> -0.20833333 | CJ43: =IF(OR($W$88="A",AND($W$88="C",ISNUMBER($W$127))),IF($W$64,$W$75*$W$71/2,(-$W$72/2+$W$72*6/20)),NA())/$W$126 -> 0.625 | CK43: =IF(OR($W$88="A",AND($W$88="C",ISNUMBER($W$127))),IF($W$64,(-$W$72/2+$W$72*6/20),$W$75*$W$71/2),NA())/$W$126 -> -0.125 | CL43: =IF(V43,W43/$W$126,NA()) -> #N/A | CM43: =IF(V43,X43/$W$126,NA()) -> #N/A | CN43: =IF(V43,"("&TEXT(W43,"0.0")&" , "&TEXT(X43,"0.0")&")","")
A44: 8 | V44: =AND(ISNUMBER(B44),ISNUMBER(C44)) -> FALSE | W44: =IF(V44,B44,0) -> 0 | X44: =IF(V44,C44,0) -> 0 | Y44: =IF($W$64,W44,X44) -> 0 | Z44: =IF(V44,$W$71/2-$W$75*Y44,-1) -> -1 | AA44: =IF(V44,IF($W$88="B",$W$86+$W$85*(Z44-$W$82),IF($W$88="C",$W$93*$W$81*MAX(Z44-$W$90,0),0)),0) -> 0 | AB44: =IF(V44,IF($W$61,MAX(0,N(D44)),MAX(0,AA44)),0) -> 0 | AC44: =IF(V44,IF($W$61,ABS(N(E44)),ABS(N($C$32))/$W$77),0) -> 0 | AD44: =IF(V44,IF($W$61,ABS(N(F44)),ABS(N($C$33))/$W$77),0) -> 0 | AE44: =SQRT(AC44^2+AD44^2) -> 0 | AF44: =ABS(W44) -> 0 | AG44: =ABS(X44) -> 0 | AH44: =AF44>$W$69 -> FALSE | AI44: =AG44>$W$70 -> FALSE | AJ44: =SQRT(W44^2+X44^2) -> 0 | AK44: =IF(AND(AH44,AI44),$W$64,AH44) -> FALSE | AL44: =IF($W$63,AG44-$W$68/2,($W$70-$W$68)-AG44) -> -0.4 | AM44: =($W$69-$W$67)-AF44 -> 18.6 | AN44: =IF($W$62,IF(AJ44>$W$65/2,AJ44-$W$65/2,$W$65/2-$W$67-AJ44),IF(OR(AH44,AI44),IF(AK44,AF44-$W$69,AG44-$W$70),MIN(AL44,AM44))) -> -0.4 | AO44: =IF($W$62,IF(AJ44>$W$65/2,MIN($C$17/2-AF44,$C$18/2-AG44),1.25*AN44),IF(OR(AH44,AI44),IF(AK44,$C$17/2-AF44,$C$18/2-AG44),IF(AND(AL44<=AM44,$W$63),$C$18/2-AG44,1.25*AN44))) -> 15 | AP44: =IF(V44,IF($W$62,2*PI()*MAX(AJ44,0.1)/$W$77,IF(OR(AH44,AI44),IF(AK44,$C$18/SUMPRODUCT(--($V$37:$V$48),--($W$37:$W$48=W44)),$C$17/SUMPRODUCT(--($V$37:$V$48),--($X$37:$X$48=X44))),IF(AL44<=AM44,($W$65-2*$W$67)/SUMPRODUCT(--($V$37:$V$48),--($X$37:$X$48=X44)),IF($W$63,$W$66,$W$66-2*$W$68)/SUMPRODUCT(--($V$37:$V$48),--($W$37:$W$48=W44))))),1) -> 1 | AQ44: =MAX(0.1,AN44) -> 0.1 | AR44: =MAX(0.1,MIN(AO44,1.25*AQ44)) -> 0.125 | AS44: =AP44*$C$19^4/(AR44*AQ44^2*$W$78) -> 37145.222 | AT44: =IF(AND(V44,NOT($W$61),AB44>0),MAX(0,AB44*(0.5-AS44/30)/((3*AR44/(4*AQ44)+1)*(AR44/(3*AQ44)+1)+AS44/6)),0) -> 0 | AU44: =AB44+AT44 -> 0 | AV44: =IF(AB44>0,MAX(AB44*AQ44-AT44*AR44,AT44*AR44)/AP44,0) -> 0 | AW44: =$C$23/2-AF44 -> 40 | AX44: =$C$24/2-AG44 -> 30 | AY44: =IF(V44,MIN(AW44,AX44),"") | BI44: =IF(AND(V44,V45),SQRT((W44-W45)^2+(X44-X45)^2),"") | BJ44: =IF(AND(V44,V46),SQRT((W44-W46)^2+(X44-X46)^2),"") | BK44: =IF(AND(V44,V47),SQRT((W44-W47)^2+(X44-X47)^2),"") | BL44: =IF(AND(V44,V48),SQRT((W44-W48)^2+(X44-X48)^2),"") | BM44: =IF(V44,AND(AF44<=$C$17/2-1.5*'2-Anchor Bolt'!$C$12/10,AG44<=$C$18/2-1.5*'2-Anchor Bolt'!$C$12/10),TRUE) -> TRUE | BT44: =IF($W$62,$W$69*COS((2*PI()*7/36)),IF($W$63,(1*$W$69+(-1)*$W$67),-1*$W$69))/$W$126 -> 0.3875 | BU44: =IF($W$62,$W$69*SIN((2*PI()*7/36)),IF($W$63,(1*$W$70),-1*$W$70))/$W$126 -> 0.20833333 | BV44: =IF($W$62,($W$69-$W$67)*COS((2*PI()*7/36)),IF($W$63,-$W$69,-1*($W$69-$W$67)))/$W$126 -> -0.41666667 | BW44: =IF($W$62,($W$69-$W$67)*SIN((2*PI()*7/36)),IF($W$63,-$W$70,-1*($W$70-$W$68)))/$W$126 -> -0.20833333 | CJ44: =IF(OR($W$88="A",AND($W$88="C",ISNUMBER($W$127))),IF($W$64,IF($W$88="A",-$W$75*$W$71/2,$W$127),(-$W$72/2+$W$72*7/20)),NA())/$W$126 -> 0.077231367 | CK44: =IF(OR($W$88="A",AND($W$88="C",ISNUMBER($W$127))),IF($W$64,(-$W$72/2+$W$72*7/20),IF($W$88="A",-$W$75*$W$71/2,$W$127)),NA())/$W$126 -> -0.09375 | CL44: =IF(V44,W44/$W$126,NA()) -> #N/A | CM44: =IF(V44,X44/$W$126,NA()) -> #N/A | CN44: =IF(V44,"("&TEXT(W44,"0.0")&" , "&TEXT(X44,"0.0")&")","")
A45: 9 | V45: =AND(ISNUMBER(B45),ISNUMBER(C45)) -> FALSE | W45: =IF(V45,B45,0) -> 0 | X45: =IF(V45,C45,0) -> 0 | Y45: =IF($W$64,W45,X45) -> 0 | Z45: =IF(V45,$W$71/2-$W$75*Y45,-1) -> -1 | AA45: =IF(V45,IF($W$88="B",$W$86+$W$85*(Z45-$W$82),IF($W$88="C",$W$93*$W$81*MAX(Z45-$W$90,0),0)),0) -> 0 | AB45: =IF(V45,IF($W$61,MAX(0,N(D45)),MAX(0,AA45)),0) -> 0 | AC45: =IF(V45,IF($W$61,ABS(N(E45)),ABS(N($C$32))/$W$77),0) -> 0 | AD45: =IF(V45,IF($W$61,ABS(N(F45)),ABS(N($C$33))/$W$77),0) -> 0 | AE45: =SQRT(AC45^2+AD45^2) -> 0 | AF45: =ABS(W45) -> 0 | AG45: =ABS(X45) -> 0 | AH45: =AF45>$W$69 -> FALSE | AI45: =AG45>$W$70 -> FALSE | AJ45: =SQRT(W45^2+X45^2) -> 0 | AK45: =IF(AND(AH45,AI45),$W$64,AH45) -> FALSE | AL45: =IF($W$63,AG45-$W$68/2,($W$70-$W$68)-AG45) -> -0.4 | AM45: =($W$69-$W$67)-AF45 -> 18.6 | AN45: =IF($W$62,IF(AJ45>$W$65/2,AJ45-$W$65/2,$W$65/2-$W$67-AJ45),IF(OR(AH45,AI45),IF(AK45,AF45-$W$69,AG45-$W$70),MIN(AL45,AM45))) -> -0.4 | AO45: =IF($W$62,IF(AJ45>$W$65/2,MIN($C$17/2-AF45,$C$18/2-AG45),1.25*AN45),IF(OR(AH45,AI45),IF(AK45,$C$17/2-AF45,$C$18/2-AG45),IF(AND(AL45<=AM45,$W$63),$C$18/2-AG45,1.25*AN45))) -> 15 | AP45: =IF(V45,IF($W$62,2*PI()*MAX(AJ45,0.1)/$W$77,IF(OR(AH45,AI45),IF(AK45,$C$18/SUMPRODUCT(--($V$37:$V$48),--($W$37:$W$48=W45)),$C$17/SUMPRODUCT(--($V$37:$V$48),--($X$37:$X$48=X45))),IF(AL45<=AM45,($W$65-2*$W$67)/SUMPRODUCT(--($V$37:$V$48),--($X$37:$X$48=X45)),IF($W$63,$W$66,$W$66-2*$W$68)/SUMPRODUCT(--($V$37:$V$48),--($W$37:$W$48=W45))))),1) -> 1 | AQ45: =MAX(0.1,AN45) -> 0.1 | AR45: =MAX(0.1,MIN(AO45,1.25*AQ45)) -> 0.125 | AS45: =AP45*$C$19^4/(AR45*AQ45^2*$W$78) -> 37145.222 | AT45: =IF(AND(V45,NOT($W$61),AB45>0),MAX(0,AB45*(0.5-AS45/30)/((3*AR45/(4*AQ45)+1)*(AR45/(3*AQ45)+1)+AS45/6)),0) -> 0 | AU45: =AB45+AT45 -> 0 | AV45: =IF(AB45>0,MAX(AB45*AQ45-AT45*AR45,AT45*AR45)/AP45,0) -> 0 | AW45: =$C$23/2-AF45 -> 40 | AX45: =$C$24/2-AG45 -> 30 | AY45: =IF(V45,MIN(AW45,AX45),"") | BJ45: =IF(AND(V45,V46),SQRT((W45-W46)^2+(X45-X46)^2),"") | BK45: =IF(AND(V45,V47),SQRT((W45-W47)^2+(X45-X47)^2),"") | BL45: =IF(AND(V45,V48),SQRT((W45-W48)^2+(X45-X48)^2),"") | BM45: =IF(V45,AND(AF45<=$C$17/2-1.5*'2-Anchor Bolt'!$C$12/10,AG45<=$C$18/2-1.5*'2-Anchor Bolt'!$C$12/10),TRUE) -> TRUE | BT45: =IF($W$62,$W$69*COS((2*PI()*8/36)),IF($W$63,(1*$W$69+(-1)*$W$67),-1*$W$69))/$W$126 -> 0.3875 | BU45: =IF($W$62,$W$69*SIN((2*PI()*8/36)),IF($W$63,((1)*$W$68/2),-1*$W$70))/$W$126 -> 0.0083333333 | BV45: =IF($W$62,($W$69-$W$67)*COS((2*PI()*8/36)),IF($W$63,-$W$69,-1*($W$69-$W$67)))/$W$126 -> -0.41666667 | BW45: =IF($W$62,($W$69-$W$67)*SIN((2*PI()*8/36)),IF($W$63,-$W$70,-1*($W$70-$W$68)))/$W$126 -> -0.20833333 | CJ45: =IF(OR($W$88="A",AND($W$88="C",ISNUMBER($W$127))),IF($W$64,$W$75*$W$71/2,(-$W$72/2+$W$72*8/20)),NA())/$W$126 -> 0.625 | CK45: =IF(OR($W$88="A",AND($W$88="C",ISNUMBER($W$127))),IF($W$64,(-$W$72/2+$W$72*8/20),$W$75*$W$71/2),NA())/$W$126 -> -0.0625 | CL45: =IF(V45,W45/$W$126,NA()) -> #N/A | CM45: =IF(V45,X45/$W$126,NA()) -> #N/A | CN45: =IF(V45,"("&TEXT(W45,"0.0")&" , "&TEXT(X45,"0.0")&")","")
A46: 10 | V46: =AND(ISNUMBER(B46),ISNUMBER(C46)) -> FALSE | W46: =IF(V46,B46,0) -> 0 | X46: =IF(V46,C46,0) -> 0 | Y46: =IF($W$64,W46,X46) -> 0 | Z46: =IF(V46,$W$71/2-$W$75*Y46,-1) -> -1 | AA46: =IF(V46,IF($W$88="B",$W$86+$W$85*(Z46-$W$82),IF($W$88="C",$W$93*$W$81*MAX(Z46-$W$90,0),0)),0) -> 0 | AB46: =IF(V46,IF($W$61,MAX(0,N(D46)),MAX(0,AA46)),0) -> 0 | AC46: =IF(V46,IF($W$61,ABS(N(E46)),ABS(N($C$32))/$W$77),0) -> 0 | AD46: =IF(V46,IF($W$61,ABS(N(F46)),ABS(N($C$33))/$W$77),0) -> 0 | AE46: =SQRT(AC46^2+AD46^2) -> 0 | AF46: =ABS(W46) -> 0 | AG46: =ABS(X46) -> 0 | AH46: =AF46>$W$69 -> FALSE | AI46: =AG46>$W$70 -> FALSE | AJ46: =SQRT(W46^2+X46^2) -> 0 | AK46: =IF(AND(AH46,AI46),$W$64,AH46) -> FALSE | AL46: =IF($W$63,AG46-$W$68/2,($W$70-$W$68)-AG46) -> -0.4 | AM46: =($W$69-$W$67)-AF46 -> 18.6 | AN46: =IF($W$62,IF(AJ46>$W$65/2,AJ46-$W$65/2,$W$65/2-$W$67-AJ46),IF(OR(AH46,AI46),IF(AK46,AF46-$W$69,AG46-$W$70),MIN(AL46,AM46))) -> -0.4 | AO46: =IF($W$62,IF(AJ46>$W$65/2,MIN($C$17/2-AF46,$C$18/2-AG46),1.25*AN46),IF(OR(AH46,AI46),IF(AK46,$C$17/2-AF46,$C$18/2-AG46),IF(AND(AL46<=AM46,$W$63),$C$18/2-AG46,1.25*AN46))) -> 15 | AP46: =IF(V46,IF($W$62,2*PI()*MAX(AJ46,0.1)/$W$77,IF(OR(AH46,AI46),IF(AK46,$C$18/SUMPRODUCT(--($V$37:$V$48),--($W$37:$W$48=W46)),$C$17/SUMPRODUCT(--($V$37:$V$48),--($X$37:$X$48=X46))),IF(AL46<=AM46,($W$65-2*$W$67)/SUMPRODUCT(--($V$37:$V$48),--($X$37:$X$48=X46)),IF($W$63,$W$66,$W$66-2*$W$68)/SUMPRODUCT(--($V$37:$V$48),--($W$37:$W$48=W46))))),1) -> 1 | AQ46: =MAX(0.1,AN46) -> 0.1 | AR46: =MAX(0.1,MIN(AO46,1.25*AQ46)) -> 0.125 | AS46: =AP46*$C$19^4/(AR46*AQ46^2*$W$78) -> 37145.222 | AT46: =IF(AND(V46,NOT($W$61),AB46>0),MAX(0,AB46*(0.5-AS46/30)/((3*AR46/(4*AQ46)+1)*(AR46/(3*AQ46)+1)+AS46/6)),0) -> 0 | AU46: =AB46+AT46 -> 0 | AV46: =IF(AB46>0,MAX(AB46*AQ46-AT46*AR46,AT46*AR46)/AP46,0) -> 0 | AW46: =$C$23/2-AF46 -> 40 | AX46: =$C$24/2-AG46 -> 30 | AY46: =IF(V46,MIN(AW46,AX46),"") | BK46: =IF(AND(V46,V47),SQRT((W46-W47)^2+(X46-X47)^2),"") | BL46: =IF(AND(V46,V48),SQRT((W46-W48)^2+(X46-X48)^2),"") | BM46: =IF(V46,AND(AF46<=$C$17/2-1.5*'2-Anchor Bolt'!$C$12/10,AG46<=$C$18/2-1.5*'2-Anchor Bolt'!$C$12/10),TRUE) -> TRUE | BT46: =IF($W$62,$W$69*COS((2*PI()*9/36)),IF($W$63,(-1*$W$69+(1)*$W$67),-1*$W$69))/$W$126 -> -0.3875 | BU46: =IF($W$62,$W$69*SIN((2*PI()*9/36)),IF($W$63,((1)*$W$68/2),-1*$W$70))/$W$126 -> 0.0083333333 | BV46: =IF($W$62,($W$69-$W$67)*COS((2*PI()*9/36)),IF($W$63,-$W$69,-1*($W$69-$W$67)))/$W$126 -> -0.41666667 | BW46: =IF($W$62,($W$69-$W$67)*SIN((2*PI()*9/36)),IF($W$63,-$W$70,-1*($W$70-$W$68)))/$W$126 -> -0.20833333 | CJ46: =IF(OR($W$88="A",AND($W$88="C",ISNUMBER($W$127))),IF($W$64,IF($W$88="A",-$W$75*$W$71/2,$W$127),(-$W$72/2+$W$72*9/20)),NA())/$W$126 -> 0.077231367 | CK46: =IF(OR($W$88="A",AND($W$88="C",ISNUMBER($W$127))),IF($W$64,(-$W$72/2+$W$72*9/20),IF($W$88="A",-$W$75*$W$71/2,$W$127)),NA())/$W$126 -> -0.03125 | CL46: =IF(V46,W46/$W$126,NA()) -> #N/A | CM46: =IF(V46,X46/$W$126,NA()) -> #N/A | CN46: =IF(V46,"("&TEXT(W46,"0.0")&" , "&TEXT(X46,"0.0")&")","")
A47: 11 | V47: =AND(ISNUMBER(B47),ISNUMBER(C47)) -> FALSE | W47: =IF(V47,B47,0) -> 0 | X47: =IF(V47,C47,0) -> 0 | Y47: =IF($W$64,W47,X47) -> 0 | Z47: =IF(V47,$W$71/2-$W$75*Y47,-1) -> -1 | AA47: =IF(V47,IF($W$88="B",$W$86+$W$85*(Z47-$W$82),IF($W$88="C",$W$93*$W$81*MAX(Z47-$W$90,0),0)),0) -> 0 | AB47: =IF(V47,IF($W$61,MAX(0,N(D47)),MAX(0,AA47)),0) -> 0 | AC47: =IF(V47,IF($W$61,ABS(N(E47)),ABS(N($C$32))/$W$77),0) -> 0 | AD47: =IF(V47,IF($W$61,ABS(N(F47)),ABS(N($C$33))/$W$77),0) -> 0 | AE47: =SQRT(AC47^2+AD47^2) -> 0 | AF47: =ABS(W47) -> 0 | AG47: =ABS(X47) -> 0 | AH47: =AF47>$W$69 -> FALSE | AI47: =AG47>$W$70 -> FALSE | AJ47: =SQRT(W47^2+X47^2) -> 0 | AK47: =IF(AND(AH47,AI47),$W$64,AH47) -> FALSE | AL47: =IF($W$63,AG47-$W$68/2,($W$70-$W$68)-AG47) -> -0.4 | AM47: =($W$69-$W$67)-AF47 -> 18.6 | AN47: =IF($W$62,IF(AJ47>$W$65/2,AJ47-$W$65/2,$W$65/2-$W$67-AJ47),IF(OR(AH47,AI47),IF(AK47,AF47-$W$69,AG47-$W$70),MIN(AL47,AM47))) -> -0.4 | AO47: =IF($W$62,IF(AJ47>$W$65/2,MIN($C$17/2-AF47,$C$18/2-AG47),1.25*AN47),IF(OR(AH47,AI47),IF(AK47,$C$17/2-AF47,$C$18/2-AG47),IF(AND(AL47<=AM47,$W$63),$C$18/2-AG47,1.25*AN47))) -> 15 | AP47: =IF(V47,IF($W$62,2*PI()*MAX(AJ47,0.1)/$W$77,IF(OR(AH47,AI47),IF(AK47,$C$18/SUMPRODUCT(--($V$37:$V$48),--($W$37:$W$48=W47)),$C$17/SUMPRODUCT(--($V$37:$V$48),--($X$37:$X$48=X47))),IF(AL47<=AM47,($W$65-2*$W$67)/SUMPRODUCT(--($V$37:$V$48),--($X$37:$X$48=X47)),IF($W$63,$W$66,$W$66-2*$W$68)/SUMPRODUCT(--($V$37:$V$48),--($W$37:$W$48=W47))))),1) -> 1 | AQ47: =MAX(0.1,AN47) -> 0.1 | AR47: =MAX(0.1,MIN(AO47,1.25*AQ47)) -> 0.125 | AS47: =AP47*$C$19^4/(AR47*AQ47^2*$W$78) -> 37145.222 | AT47: =IF(AND(V47,NOT($W$61),AB47>0),MAX(0,AB47*(0.5-AS47/30)/((3*AR47/(4*AQ47)+1)*(AR47/(3*AQ47)+1)+AS47/6)),0) -> 0 | AU47: =AB47+AT47 -> 0 | AV47: =IF(AB47>0,MAX(AB47*AQ47-AT47*AR47,AT47*AR47)/AP47,0) -> 0 | AW47: =$C$23/2-AF47 -> 40 | AX47: =$C$24/2-AG47 -> 30 | AY47: =IF(V47,MIN(AW47,AX47),"") | BL47: =IF(AND(V47,V48),SQRT((W47-W48)^2+(X47-X48)^2),"") | BM47: =IF(V47,AND(AF47<=$C$17/2-1.5*'2-Anchor Bolt'!$C$12/10,AG47<=$C$18/2-1.5*'2-Anchor Bolt'!$C$12/10),TRUE) -> TRUE | BT47: =IF($W$62,$W$69*COS((2*PI()*10/36)),IF($W$63,(-1*$W$69+(1)*$W$67),-1*$W$69))/$W$126 -> -0.3875 | BU47: =IF($W$62,$W$69*SIN((2*PI()*10/36)),IF($W$63,(1*$W$70),-1*$W$70))/$W$126 -> 0.20833333 | BV47: =IF($W$62,($W$69-$W$67)*COS((2*PI()*10/36)),IF($W$63,-$W$69,-1*($W$69-$W$67)))/$W$126 -> -0.41666667 | BW47: =IF($W$62,($W$69-$W$67)*SIN((2*PI()*10/36)),IF($W$63,-$W$70,-1*($W$70-$W$68)))/$W$126 -> -0.20833333 | CJ47: =IF(OR($W$88="A",AND($W$88="C",ISNUMBER($W$127))),IF($W$64,$W$75*$W$71/2,(-$W$72/2+$W$72*10/20)),NA())/$W$126 -> 0.625 | CK47: =IF(OR($W$88="A",AND($W$88="C",ISNUMBER($W$127))),IF($W$64,(-$W$72/2+$W$72*10/20),$W$75*$W$71/2),NA())/$W$126 -> 0 | CL47: =IF(V47,W47/$W$126,NA()) -> #N/A | CM47: =IF(V47,X47/$W$126,NA()) -> #N/A | CN47: =IF(V47,"("&TEXT(W47,"0.0")&" , "&TEXT(X47,"0.0")&")","")
A48: 12 | V48: =AND(ISNUMBER(B48),ISNUMBER(C48)) -> FALSE | W48: =IF(V48,B48,0) -> 0 | X48: =IF(V48,C48,0) -> 0 | Y48: =IF($W$64,W48,X48) -> 0 | Z48: =IF(V48,$W$71/2-$W$75*Y48,-1) -> -1 | AA48: =IF(V48,IF($W$88="B",$W$86+$W$85*(Z48-$W$82),IF($W$88="C",$W$93*$W$81*MAX(Z48-$W$90,0),0)),0) -> 0 | AB48: =IF(V48,IF($W$61,MAX(0,N(D48)),MAX(0,AA48)),0) -> 0 | AC48: =IF(V48,IF($W$61,ABS(N(E48)),ABS(N($C$32))/$W$77),0) -> 0 | AD48: =IF(V48,IF($W$61,ABS(N(F48)),ABS(N($C$33))/$W$77),0) -> 0 | AE48: =SQRT(AC48^2+AD48^2) -> 0 | AF48: =ABS(W48) -> 0 | AG48: =ABS(X48) -> 0 | AH48: =AF48>$W$69 -> FALSE | AI48: =AG48>$W$70 -> FALSE | AJ48: =SQRT(W48^2+X48^2) -> 0 | AK48: =IF(AND(AH48,AI48),$W$64,AH48) -> FALSE | AL48: =IF($W$63,AG48-$W$68/2,($W$70-$W$68)-AG48) -> -0.4 | AM48: =($W$69-$W$67)-AF48 -> 18.6 | AN48: =IF($W$62,IF(AJ48>$W$65/2,AJ48-$W$65/2,$W$65/2-$W$67-AJ48),IF(OR(AH48,AI48),IF(AK48,AF48-$W$69,AG48-$W$70),MIN(AL48,AM48))) -> -0.4 | AO48: =IF($W$62,IF(AJ48>$W$65/2,MIN($C$17/2-AF48,$C$18/2-AG48),1.25*AN48),IF(OR(AH48,AI48),IF(AK48,$C$17/2-AF48,$C$18/2-AG48),IF(AND(AL48<=AM48,$W$63),$C$18/2-AG48,1.25*AN48))) -> 15 | AP48: =IF(V48,IF($W$62,2*PI()*MAX(AJ48,0.1)/$W$77,IF(OR(AH48,AI48),IF(AK48,$C$18/SUMPRODUCT(--($V$37:$V$48),--($W$37:$W$48=W48)),$C$17/SUMPRODUCT(--($V$37:$V$48),--($X$37:$X$48=X48))),IF(AL48<=AM48,($W$65-2*$W$67)/SUMPRODUCT(--($V$37:$V$48),--($X$37:$X$48=X48)),IF($W$63,$W$66,$W$66-2*$W$68)/SUMPRODUCT(--($V$37:$V$48),--($W$37:$W$48=W48))))),1) -> 1 | AQ48: =MAX(0.1,AN48) -> 0.1 | AR48: =MAX(0.1,MIN(AO48,1.25*AQ48)) -> 0.125 | AS48: =AP48*$C$19^4/(AR48*AQ48^2*$W$78) -> 37145.222 | AT48: =IF(AND(V48,NOT($W$61),AB48>0),MAX(0,AB48*(0.5-AS48/30)/((3*AR48/(4*AQ48)+1)*(AR48/(3*AQ48)+1)+AS48/6)),0) -> 0 | AU48: =AB48+AT48 -> 0 | AV48: =IF(AB48>0,MAX(AB48*AQ48-AT48*AR48,AT48*AR48)/AP48,0) -> 0 | AW48: =$C$23/2-AF48 -> 40 | AX48: =$C$24/2-AG48 -> 30 | AY48: =IF(V48,MIN(AW48,AX48),"") | BM48: =IF(V48,AND(AF48<=$C$17/2-1.5*'2-Anchor Bolt'!$C$12/10,AG48<=$C$18/2-1.5*'2-Anchor Bolt'!$C$12/10),TRUE) -> TRUE | BT48: =IF($W$62,$W$69*COS((2*PI()*11/36)),IF($W$63,(-1*$W$69+(0)*$W$67),-1*$W$69))/$W$126 -> -0.41666667 | BU48: =IF($W$62,$W$69*SIN((2*PI()*11/36)),IF($W$63,(1*$W$70),-1*$W$70))/$W$126 -> 0.20833333 | BV48: =IF($W$62,($W$69-$W$67)*COS((2*PI()*11/36)),IF($W$63,-$W$69,-1*($W$69-$W$67)))/$W$126 -> -0.41666667 | BW48: =IF($W$62,($W$69-$W$67)*SIN((2*PI()*11/36)),IF($W$63,-$W$70,-1*($W$70-$W$68)))/$W$126 -> -0.20833333 | CJ48: =IF(OR($W$88="A",AND($W$88="C",ISNUMBER($W$127))),IF($W$64,IF($W$88="A",-$W$75*$W$71/2,$W$127),(-$W$72/2+$W$72*11/20)),NA())/$W$126 -> 0.077231367 | CK48: =IF(OR($W$88="A",AND($W$88="C",ISNUMBER($W$127))),IF($W$64,(-$W$72/2+$W$72*11/20),IF($W$88="A",-$W$75*$W$71/2,$W$127)),NA())/$W$126 -> 0.03125 | CL48: =IF(V48,W48/$W$126,NA()) -> #N/A | CM48: =IF(V48,X48/$W$126,NA()) -> #N/A | CN48: =IF(V48,"("&TEXT(W48,"0.0")&" , "&TEXT(X48,"0.0")&")","")
A49: X along h, Y along b, from the column centre (= pedestal centre). Leave unused rows empty. T, Vx, Vy only when Forces Input = IDEA. | BT49: =IF($W$62,$W$69*COS((2*PI()*12/36)),IF($W$63,(-1*$W$69+(0)*$W$67),-1*$W$69))/$W$126 -> -0.41666667 | BU49: =IF($W$62,$W$69*SIN((2*PI()*12/36)),IF($W$63,(-1*$W$70),-1*$W$70))/$W$126 -> -0.20833333 | BV49: =IF($W$62,($W$69-$W$67)*COS((2*PI()*12/36)),IF($W$63,-$W$69,-1*($W$69-$W$67)))/$W$126 -> -0.41666667 | BW49: =IF($W$62,($W$69-$W$67)*SIN((2*PI()*12/36)),IF($W$63,-$W$70,-1*($W$70-$W$68)))/$W$126 -> -0.20833333 | CJ49: =IF(OR($W$88="A",AND($W$88="C",ISNUMBER($W$127))),IF($W$64,$W$75*$W$71/2,(-$W$72/2+$W$72*12/20)),NA())/$W$126 -> 0.625 | CK49: =IF(OR($W$88="A",AND($W$88="C",ISNUMBER($W$127))),IF($W$64,(-$W$72/2+$W$72*12/20),$W$75*$W$71/2),NA())/$W$126 -> 0.0625
A50: =IF(NOT($W$128),"Check layout: base plate on the pedestal, bolt edge distance ≥ 1.5 Ø in the plate.","") | BT50: =IF($W$62,$W$69*COS((2*PI()*13/36)),IF($W$63,(-$W$69),-1*$W$69))/$W$126 -> -0.41666667 | BU50: =IF($W$62,$W$69*SIN((2*PI()*13/36)),IF($W$63,(-$W$70),-1*$W$70))/$W$126 -> -0.20833333 | BV50: =IF($W$62,($W$69-$W$67)*COS((2*PI()*13/36)),IF($W$63,-$W$69,-1*($W$69-$W$67)))/$W$126 -> -0.41666667 | BW50: =IF($W$62,($W$69-$W$67)*SIN((2*PI()*13/36)),IF($W$63,-$W$70,-1*($W$70-$W$68)))/$W$126 -> -0.20833333 | CJ50: =IF(OR($W$88="A",AND($W$88="C",ISNUMBER($W$127))),IF($W$64,IF($W$88="A",-$W$75*$W$71/2,$W$127),(-$W$72/2+$W$72*13/20)),NA())/$W$126 -> 0.077231367 | CK50: =IF(OR($W$88="A",AND($W$88="C",ISNUMBER($W$127))),IF($W$64,(-$W$72/2+$W$72*13/20),IF($W$88="A",-$W$75*$W$71/2,$W$127)),NA())/$W$126 -> 0.09375
A51: Data Output: | BT51: =IF($W$62,$W$69*COS((2*PI()*14/36)),IF($W$63,(-$W$69),-1*$W$69))/$W$126 -> -0.41666667 | BU51: =IF($W$62,$W$69*SIN((2*PI()*14/36)),IF($W$63,(-$W$70),-1*$W$70))/$W$126 -> -0.20833333 | BV51: =IF($W$62,($W$69-$W$67)*COS((2*PI()*14/36)),IF($W$63,-$W$69,-1*($W$69-$W$67)))/$W$126 -> -0.41666667 | BW51: =IF($W$62,($W$69-$W$67)*SIN((2*PI()*14/36)),IF($W$63,-$W$70,-1*($W$70-$W$68)))/$W$126 -> -0.20833333 | CJ51: =IF(OR($W$88="A",AND($W$88="C",ISNUMBER($W$127))),IF($W$64,$W$75*$W$71/2,(-$W$72/2+$W$72*14/20)),NA())/$W$126 -> 0.625 | CK51: =IF(OR($W$88="A",AND($W$88="C",ISNUMBER($W$127))),IF($W$64,(-$W$72/2+$W$72*14/20),$W$75*$W$71/2),NA())/$W$126 -> 0.125
BT52: =IF($W$62,$W$69*COS((2*PI()*15/36)),IF($W$63,(-$W$69),-1*$W$69))/$W$126 -> -0.41666667 | BU52: =IF($W$62,$W$69*SIN((2*PI()*15/36)),IF($W$63,(-$W$70),-1*$W$70))/$W$126 -> -0.20833333 | BV52: =IF($W$62,($W$69-$W$67)*COS((2*PI()*15/36)),IF($W$63,-$W$69,-1*($W$69-$W$67)))/$W$126 -> -0.41666667 | BW52: =IF($W$62,($W$69-$W$67)*SIN((2*PI()*15/36)),IF($W$63,-$W$70,-1*($W$70-$W$68)))/$W$126 -> -0.20833333 | CJ52: =IF(OR($W$88="A",AND($W$88="C",ISNUMBER($W$127))),IF($W$64,IF($W$88="A",-$W$75*$W$71/2,$W$127),(-$W$72/2+$W$72*15/20)),NA())/$W$126 -> 0.077231367 | CK52: =IF(OR($W$88="A",AND($W$88="C",ISNUMBER($W$127))),IF($W$64,(-$W$72/2+$W$72*15/20),IF($W$88="A",-$W$75*$W$71/2,$W$127)),NA())/$W$126 -> 0.15625
A53: Plate & Bolt Properties: | BT53: =IF($W$62,$W$69*COS((2*PI()*16/36)),IF($W$63,(-$W$69),-1*$W$69))/$W$126 -> -0.41666667 | BU53: =IF($W$62,$W$69*SIN((2*PI()*16/36)),IF($W$63,(-$W$70),-1*$W$70))/$W$126 -> -0.20833333 | BV53: =IF($W$62,($W$69-$W$67)*COS((2*PI()*16/36)),IF($W$63,-$W$69,-1*($W$69-$W$67)))/$W$126 -> -0.41666667 | BW53: =IF($W$62,($W$69-$W$67)*SIN((2*PI()*16/36)),IF($W$63,-$W$70,-1*($W$70-$W$68)))/$W$126 -> -0.20833333 | CJ53: =IF(OR($W$88="A",AND($W$88="C",ISNUMBER($W$127))),IF($W$64,$W$75*$W$71/2,(-$W$72/2+$W$72*16/20)),NA())/$W$126 -> 0.625 | CK53: =IF(OR($W$88="A",AND($W$88="C",ISNUMBER($W$127))),IF($W$64,(-$W$72/2+$W$72*16/20),$W$75*$W$71/2),NA())/$W$126 -> 0.1875
A54: Fy = | B54: =$W$96 -> 2.4 | C54: t/cm2 | D54: Fu = | E54: =$W$97 -> 3.6 | F54: t/cm2 | BT54: =IF($W$62,$W$69*COS((2*PI()*17/36)),IF($W$63,(-$W$69),-1*$W$69))/$W$126 -> -0.41666667 | BU54: =IF($W$62,$W$69*SIN((2*PI()*17/36)),IF($W$63,(-$W$70),-1*$W$70))/$W$126 -> -0.20833333 | BV54: =IF($W$62,($W$69-$W$67)*COS((2*PI()*17/36)),IF($W$63,-$W$69,-1*($W$69-$W$67)))/$W$126 -> -0.41666667 | BW54: =IF($W$62,($W$69-$W$67)*SIN((2*PI()*17/36)),IF($W$63,-$W$70,-1*($W$70-$W$68)))/$W$126 -> -0.20833333 | CJ54: =IF(OR($W$88="A",AND($W$88="C",ISNUMBER($W$127))),IF($W$64,IF($W$88="A",-$W$75*$W$71/2,$W$127),(-$W$72/2+$W$72*17/20)),NA())/$W$126 -> 0.077231367 | CK54: =IF(OR($W$88="A",AND($W$88="C",ISNUMBER($W$127))),IF($W$64,(-$W$72/2+$W$72*17/20),IF($W$88="A",-$W$75*$W$71/2,$W$127)),NA())/$W$126 -> 0.21875
A55: Bolt As = | B55: =$W$78 -> 5.5134951 | C55: cm2 | D55: n = Es/Ec = | E55: =$W$80 -> 9.4572682 | G55: As = 0.78·π·Ø²/4 ; Ec = 4400√fcu | BT55: =IF($W$62,$W$69*COS((2*PI()*18/36)),IF($W$63,(-$W$69),-1*$W$69))/$W$126 -> -0.41666667 | BU55: =IF($W$62,$W$69*SIN((2*PI()*18/36)),IF($W$63,(-$W$70),-1*$W$70))/$W$126 -> -0.20833333 | BV55: =IF($W$62,($W$69-$W$67)*COS((2*PI()*18/36)),IF($W$63,-$W$69,-1*($W$69-$W$67)))/$W$126 -> -0.41666667 | BW55: =IF($W$62,($W$69-$W$67)*SIN((2*PI()*18/36)),IF($W$63,-$W$70,-1*($W$70-$W$68)))/$W$126 -> -0.20833333 | CJ55: =IF(OR($W$88="A",AND($W$88="C",ISNUMBER($W$127))),IF($W$64,$W$75*$W$71/2,(-$W$72/2+$W$72*18/20)),NA())/$W$126 -> 0.625 | CK55: =IF(OR($W$88="A",AND($W$88="C",ISNUMBER($W$127))),IF($W$64,(-$W$72/2+$W$72*18/20),$W$75*$W$71/2),NA())/$W$126 -> 0.25
A56: L (along M) = | B56: =$W$71 -> 60 | C56: cm | D56: B = | E56: =$W$72 -> 30 | F56: cm | BT56: =IF($W$62,$W$69*COS((2*PI()*19/36)),IF($W$63,(-$W$69),-1*$W$69))/$W$126 -> -0.41666667 | BU56: =IF($W$62,$W$69*SIN((2*PI()*19/36)),IF($W$63,(-$W$70),-1*$W$70))/$W$126 -> -0.20833333 | BV56: =IF($W$62,($W$69-$W$67)*COS((2*PI()*19/36)),IF($W$63,-$W$69,-1*($W$69-$W$67)))/$W$126 -> -0.41666667 | BW56: =IF($W$62,($W$69-$W$67)*SIN((2*PI()*19/36)),IF($W$63,-$W$70,-1*($W$70-$W$68)))/$W$126 -> -0.20833333 | CJ56: =IF(OR($W$88="A",AND($W$88="C",ISNUMBER($W$127))),IF($W$64,IF($W$88="A",-$W$75*$W$71/2,$W$127),(-$W$72/2+$W$72*19/20)),NA())/$W$126 -> 0.077231367 | CK56: =IF(OR($W$88="A",AND($W$88="C",ISNUMBER($W$127))),IF($W$64,(-$W$72/2+$W$72*19/20),IF($W$88="A",-$W$75*$W$71/2,$W$127)),NA())/$W$126 -> 0.28125
A57: A = L × B = | B57: =$W$71*$W$72 -> 1800 | C57: cm2 | D57: Z = B·L²/6 = | E57: =$W$72*$W$71^2/6 -> 18000 | F57: cm3 | BT57: =IF($W$62,$W$69*COS((2*PI()*20/36)),IF($W$63,(-$W$69),-1*$W$69))/$W$126 -> -0.41666667 | BU57: =IF($W$62,$W$69*SIN((2*PI()*20/36)),IF($W$63,(-$W$70),-1*$W$70))/$W$126 -> -0.20833333 | BV57: =IF($W$62,($W$69-$W$67)*COS((2*PI()*20/36)),IF($W$63,-$W$69,-1*($W$69-$W$67)))/$W$126 -> -0.41666667 | BW57: =IF($W$62,($W$69-$W$67)*SIN((2*PI()*20/36)),IF($W$63,-$W$70,-1*($W$70-$W$68)))/$W$126 -> -0.20833333 | CJ57: =IF(OR($W$88="A",AND($W$88="C",ISNUMBER($W$127))),IF($W$64,$W$75*$W$71/2,(-$W$72/2+$W$72*20/20)),NA())/$W$126 -> 0.625 | CK57: =IF(OR($W$88="A",AND($W$88="C",ISNUMBER($W$127))),IF($W$64,(-$W$72/2+$W$72*20/20),$W$75*$W$71/2),NA())/$W$126 -> 0.3125
BT58: =IF($W$62,$W$69*COS((2*PI()*21/36)),IF($W$63,(-$W$69),-1*$W$69))/$W$126 -> -0.41666667 | BU58: =IF($W$62,$W$69*SIN((2*PI()*21/36)),IF($W$63,(-$W$70),-1*$W$70))/$W$126 -> -0.20833333 | BV58: =IF($W$62,($W$69-$W$67)*COS((2*PI()*21/36)),IF($W$63,-$W$69,-1*($W$69-$W$67)))/$W$126 -> -0.41666667 | BW58: =IF($W$62,($W$69-$W$67)*SIN((2*PI()*21/36)),IF($W$63,-$W$70,-1*($W$70-$W$68)))/$W$126 -> -0.20833333
A59: Load Case: | D59: e = M / N | V59: HELPERS (hidden) | BT59: =IF($W$62,$W$69*COS((2*PI()*22/36)),IF($W$63,(-$W$69),-1*$W$69))/$W$126 -> -0.41666667 | BU59: =IF($W$62,$W$69*SIN((2*PI()*22/36)),IF($W$63,(-$W$70),-1*$W$70))/$W$126 -> -0.20833333 | BV59: =IF($W$62,($W$69-$W$67)*COS((2*PI()*22/36)),IF($W$63,-$W$69,-1*($W$69-$W$67)))/$W$126 -> -0.41666667 | BW59: =IF($W$62,($W$69-$W$67)*SIN((2*PI()*22/36)),IF($W$63,-$W$70,-1*($W$70-$W$68)))/$W$126 -> -0.20833333
A60: e = | B60: =IF($W$61,"-",IF($W$73=0,"∞",$W$76/ABS($W$73))) -> 40 | C60: cm | D60: L/6 = | E60: =$W$71/6 -> 10 | F60: cm | V60: ASD? | W60: =$C$8="ASD" -> 1 | BT60: =IF($W$62,$W$69*COS((2*PI()*23/36)),IF($W$63,(-$W$69),-1*$W$69))/$W$126 -> -0.41666667 | BU60: =IF($W$62,$W$69*SIN((2*PI()*23/36)),IF($W$63,(-$W$70),-1*$W$70))/$W$126 -> -0.20833333 | BV60: =IF($W$62,($W$69-$W$67)*COS((2*PI()*23/36)),IF($W$63,-$W$69,-1*($W$69-$W$67)))/$W$126 -> -0.41666667 | BW60: =IF($W$62,($W$69-$W$67)*SIN((2*PI()*23/36)),IF($W$63,-$W$70,-1*($W$70-$W$68)))/$W$126 -> -0.20833333
A61: =IF($W$88="IDEA","Forces of every bolt entered from IDEA StatiCa (prying included) - plate, weld and bearing are checked in IDEA.",IF($W$88="None","No loads.",IF($W$88="A","Compression with e ≤ L/6 → full bearing under the plate - no tension in the bolts.",IF($W$88="B","Tension → the plate lifts - all bolts in tension, no bearing.",IF($W$73>0,"Compression with e > L/6 → partial bearing + tension in the bolts.",IF($W$73<0,"Tension + moment → partial bearing + tension in the bolts.","Pure moment → partial bearing + tension in the bolts.")))))) -> Compression with e > L/6 → partial bearing + tension in the bolts. | V61: IDEA? | W61: =$C$9="IDEA" -> 0 | BT61: =IF($W$62,$W$69*COS((2*PI()*24/36)),IF($W$63,(-$W$69),-1*$W$69))/$W$126 -> -0.41666667 | BU61: =IF($W$62,$W$69*SIN((2*PI()*24/36)),IF($W$63,(-$W$70),-1*$W$70))/$W$126 -> -0.20833333 | BV61: =IF($W$62,($W$69-$W$67)*COS((2*PI()*24/36)),IF($W$63,-$W$69,-1*($W$69-$W$67)))/$W$126 -> -0.41666667 | BW61: =IF($W$62,($W$69-$W$67)*SIN((2*PI()*24/36)),IF($W$63,-$W$70,-1*($W$70-$W$68)))/$W$126 -> -0.20833333
V62: pipe? | W62: =$C$10="Pipe" -> 0 | BT62: =IF($W$62,$W$69*COS((2*PI()*25/36)),IF($W$63,(-$W$69),-1*$W$69))/$W$126 -> -0.41666667 | BU62: =IF($W$62,$W$69*SIN((2*PI()*25/36)),IF($W$63,(-$W$70),-1*$W$70))/$W$126 -> -0.20833333 | BV62: =IF($W$62,($W$69-$W$67)*COS((2*PI()*25/36)),IF($W$63,-$W$69,-1*($W$69-$W$67)))/$W$126 -> -0.41666667 | BW62: =IF($W$62,($W$69-$W$67)*SIN((2*PI()*25/36)),IF($W$63,-$W$70,-1*($W$70-$W$68)))/$W$126 -> -0.20833333
A63: Bearing & Neutral Axis: | D63: =IF($W$88="A","q = N / A ± M / Z",IF($W$88="B","T i = T / n + M'·(d i − d̄) / Σ(d i − d̄)² , M' = M + T·(L/2 − d̄)",IF($W$88="C","N = k·[ B·c²/2 − n·As·Σ(d i − c) ]","-"))) -> N = k·[ B·c²/2 − n·As·Σ(d i − c) ] | V63: I-section? | W63: =$C$10="I-Section" -> 1 | BT63: =IF($W$62,$W$69*COS((2*PI()*26/36)),IF($W$63,(-$W$69),-1*$W$69))/$W$126 -> -0.41666667 | BU63: =IF($W$62,$W$69*SIN((2*PI()*26/36)),IF($W$63,(-$W$70),-1*$W$70))/$W$126 -> -0.20833333 | BV63: =IF($W$62,($W$69-$W$67)*COS((2*PI()*26/36)),IF($W$63,-$W$69,-1*($W$69-$W$67)))/$W$126 -> -0.41666667 | BW63: =IF($W$62,($W$69-$W$67)*SIN((2*PI()*26/36)),IF($W$63,-$W$70,-1*($W$70-$W$68)))/$W$126 -> -0.20833333
A64: =IF($W$88="C","d i = bolt to compressed edge","") -> d i = bolt to compressed edge | D64: =IF($W$88="C","M = k·[ B·c²/2·(L/2 − c/3) + n·As·Σ(d i − c)·(d i − L/2) ]",IF($W$88="A","q at the two plate edges",IF($W$88="B","no bearing - the plate lifts","-"))) -> M = k·[ B·c²/2·(L/2 − c/3) + n·As·Σ(d i − c)·(d i − L/2) ] | V64: major? | W64: =$C$11="Major" -> 1 | BT64: =IF($W$62,$W$69*COS((2*PI()*27/36)),IF($W$63,(-$W$69),-1*$W$69))/$W$126 -> -0.41666667 | BU64: =IF($W$62,$W$69*SIN((2*PI()*27/36)),IF($W$63,(-$W$70),-1*$W$70))/$W$126 -> -0.20833333 | BV64: =IF($W$62,($W$69-$W$67)*COS((2*PI()*27/36)),IF($W$63,-$W$69,-1*($W$69-$W$67)))/$W$126 -> -0.41666667 | BW64: =IF($W$62,($W$69-$W$67)*SIN((2*PI()*27/36)),IF($W$63,-$W$70,-1*($W$70-$W$68)))/$W$126 -> -0.20833333
A65: c = | B65: =IF($W$88="C",$W$90,"-") -> 26.292894 | C65: cm | D65: k = | E65: =IF($W$88="C",$W$93*1000,"-") -> 2.7114901 | F65: kg/cm3 | V65: h (cm) | W65: =$C$12/10 -> 40 | BT65: =IF($W$62,$W$69*COS((2*PI()*28/36)),IF($W$63,(-$W$69),-1*$W$69))/$W$126 -> -0.41666667 | BU65: =IF($W$62,$W$69*SIN((2*PI()*28/36)),IF($W$63,(-$W$70),-1*$W$70))/$W$126 -> -0.20833333 | BV65: =IF($W$62,($W$69-$W$67)*COS((2*PI()*28/36)),IF($W$63,-$W$69,-1*($W$69-$W$67)))/$W$126 -> -0.41666667 | BW65: =IF($W$62,($W$69-$W$67)*SIN((2*PI()*28/36)),IF($W$63,-$W$70,-1*($W$70-$W$68)))/$W$126 -> -0.20833333
A66: q max = | B66: =IF($W$61,"-",$W$94*1000) -> 71.292923 | C66: kg/cm2 | D66: q min = | E66: =IF($W$61,"-",$W$95*1000) -> 0 | F66: kg/cm2 | V66: b (cm) | W66: =IF($W$62,$W$65,$C$13/10) -> 20 | BT66: =IF($W$62,$W$69*COS((2*PI()*29/36)),IF($W$63,(-$W$69),-1*$W$69))/$W$126 -> -0.41666667 | BU66: =IF($W$62,$W$69*SIN((2*PI()*29/36)),IF($W$63,(-$W$70),-1*$W$70))/$W$126 -> -0.20833333 | BV66: =IF($W$62,($W$69-$W$67)*COS((2*PI()*29/36)),IF($W$63,-$W$69,-1*($W$69-$W$67)))/$W$126 -> -0.41666667 | BW66: =IF($W$62,($W$69-$W$67)*SIN((2*PI()*29/36)),IF($W$63,-$W$70,-1*($W$70-$W$68)))/$W$126 -> -0.20833333
V67: tf (cm) | W67: =$C$14/10 -> 1.4 | BT67: =IF($W$62,$W$69*COS((2*PI()*30/36)),IF($W$63,(-$W$69),-1*$W$69))/$W$126 -> -0.41666667 | BU67: =IF($W$62,$W$69*SIN((2*PI()*30/36)),IF($W$63,(-$W$70),-1*$W$70))/$W$126 -> -0.20833333 | BV67: =IF($W$62,($W$69-$W$67)*COS((2*PI()*30/36)),IF($W$63,-$W$69,-1*($W$69-$W$67)))/$W$126 -> -0.41666667 | BW67: =IF($W$62,($W$69-$W$67)*SIN((2*PI()*30/36)),IF($W$63,-$W$70,-1*($W$70-$W$68)))/$W$126 -> -0.20833333
A68: Anchor Bolt Forces: | D68: =IF($W$88="C","T i = k · n · As · (d i − c)",IF($W$88="B","T i = T / n + M'·(d i − d̄) / Σ(d i − d̄)²",IF($W$88="A","T i = 0 (no uplift)",IF($W$88="IDEA","T i , V i from IDEA","-")))) -> T i = k · n · As · (d i − c) | V68: tw (cm) | W68: =IF($W$62,$C$14/10,$C$15/10) -> 0.8 | BT68: =IF($W$62,$W$69*COS((2*PI()*31/36)),IF($W$63,(-$W$69),-1*$W$69))/$W$126 -> -0.41666667 | BU68: =IF($W$62,$W$69*SIN((2*PI()*31/36)),IF($W$63,(-$W$70),-1*$W$70))/$W$126 -> -0.20833333 | BV68: =IF($W$62,($W$69-$W$67)*COS((2*PI()*31/36)),IF($W$63,-$W$69,-1*($W$69-$W$67)))/$W$126 -> -0.41666667 | BW68: =IF($W$62,($W$69-$W$67)*SIN((2*PI()*31/36)),IF($W$63,-$W$70,-1*($W$70-$W$68)))/$W$126 -> -0.20833333
D69: =IF($W$61,"V i = √(Vx i² + Vy i²)","V i = √(Vx² + Vy²) / n (equal share)") -> V i = √(Vx² + Vy²) / n (equal share) | V69: hx | W69: =$W$65/2 -> 20 | BT69: =IF($W$62,$W$69*COS((2*PI()*32/36)),IF($W$63,(-$W$69),-1*$W$69))/$W$126 -> -0.41666667 | BU69: =IF($W$62,$W$69*SIN((2*PI()*32/36)),IF($W$63,(-$W$70),-1*$W$70))/$W$126 -> -0.20833333 | BV69: =IF($W$62,($W$69-$W$67)*COS((2*PI()*32/36)),IF($W$63,-$W$69,-1*($W$69-$W$67)))/$W$126 -> -0.41666667 | BW69: =IF($W$62,($W$69-$W$67)*SIN((2*PI()*32/36)),IF($W$63,-$W$70,-1*($W$70-$W$68)))/$W$126 -> -0.20833333
A70: Bolt No. | B70: T (ton) | C70: b (cm) | D70: a (cm) | E70: w (cm) | F70: Q (ton) | G70: T+Q (ton) | I70: V (ton) | V70: hy | W70: =$W$66/2 -> 10 | BT70: =IF($W$62,$W$69*COS((2*PI()*33/36)),IF($W$63,(-$W$69),-1*$W$69))/$W$126 -> -0.41666667 | BU70: =IF($W$62,$W$69*SIN((2*PI()*33/36)),IF($W$63,(-$W$70),-1*$W$70))/$W$126 -> -0.20833333 | BV70: =IF($W$62,($W$69-$W$67)*COS((2*PI()*33/36)),IF($W$63,-$W$69,-1*($W$69-$W$67)))/$W$126 -> -0.41666667 | BW70: =IF($W$62,($W$69-$W$67)*SIN((2*PI()*33/36)),IF($W$63,-$W$70,-1*($W$70-$W$68)))/$W$126 -> -0.20833333
A71: =IF(V37,1,"") -> 1 | B71: =IF(V37,AB37,"") -> 4.0587297 | C71: =IF(V37,IF($W$61,"-",AQ37),"") -> 5 | D71: =IF(V37,IF($W$61,"-",AR37),"") -> 5 | E71: =IF(V37,IF($W$61,"-",AP37),"") -> 15 | F71: =IF(V37,AT37,"") -> 0.39103829 | G71: =IF(V37,AU37,"") -> 4.449768 | I71: =IF(V37,AE37,"") -> 0.79056942 | V71: L along M | W71: =IF($W$64,$C$17,$C$18) -> 60 | BT71: =IF($W$62,$W$69*COS((2*PI()*34/36)),IF($W$63,(-$W$69),-1*$W$69))/$W$126 -> -0.41666667 | BU71: =IF($W$62,$W$69*SIN((2*PI()*34/36)),IF($W$63,(-$W$70),-1*$W$70))/$W$126 -> -0.20833333 | BV71: =IF($W$62,($W$69-$W$67)*COS((2*PI()*34/36)),IF($W$63,-$W$69,-1*($W$69-$W$67)))/$W$126 -> -0.41666667 | BW71: =IF($W$62,($W$69-$W$67)*SIN((2*PI()*34/36)),IF($W$63,-$W$70,-1*($W$70-$W$68)))/$W$126 -> -0.20833333
A72: =IF(V38,2,"") -> 2 | B72: =IF(V38,AB38,"") -> 0 | C72: =IF(V38,IF($W$61,"-",AQ38),"") -> 5 | D72: =IF(V38,IF($W$61,"-",AR38),"") -> 5 | E72: =IF(V38,IF($W$61,"-",AP38),"") -> 15 | F72: =IF(V38,AT38,"") -> 0 | G72: =IF(V38,AU38,"") -> 0 | I72: =IF(V38,AE38,"") -> 0.79056942 | V72: B | W72: =IF($W$64,$C$18,$C$17) -> 30 | BT72: =IF($W$62,$W$69*COS((2*PI()*35/36)),IF($W$63,(-$W$69),-1*$W$69))/$W$126 -> -0.41666667 | BU72: =IF($W$62,$W$69*SIN((2*PI()*35/36)),IF($W$63,(-$W$70),-1*$W$70))/$W$126 -> -0.20833333 | BV72: =IF($W$62,($W$69-$W$67)*COS((2*PI()*35/36)),IF($W$63,-$W$69,-1*($W$69-$W$67)))/$W$126 -> -0.41666667 | BW72: =IF($W$62,($W$69-$W$67)*SIN((2*PI()*35/36)),IF($W$63,-$W$70,-1*($W$70-$W$68)))/$W$126 -> -0.20833333
A73: =IF(V39,3,"") -> 3 | B73: =IF(V39,AB39,"") -> 0 | C73: =IF(V39,IF($W$61,"-",AQ39),"") -> 5 | D73: =IF(V39,IF($W$61,"-",AR39),"") -> 5 | E73: =IF(V39,IF($W$61,"-",AP39),"") -> 15 | F73: =IF(V39,AT39,"") -> 0 | G73: =IF(V39,AU39,"") -> 0 | I73: =IF(V39,AE39,"") -> 0.79056942 | V73: P (comp +) | W73: =IF($W$61,0,IF($C$30="Compression",1,-1)*N($C$29)) -> 20 | BT73: =IF($W$62,$W$69*COS((2*PI()*36/36)),IF($W$63,(-$W$69),-1*$W$69))/$W$126 -> -0.41666667 | BU73: =IF($W$62,$W$69*SIN((2*PI()*36/36)),IF($W$63,(-$W$70),-1*$W$70))/$W$126 -> -0.20833333 | BV73: =IF($W$62,($W$69-$W$67)*COS((2*PI()*36/36)),IF($W$63,-$W$69,-1*($W$69-$W$67)))/$W$126 -> -0.41666667 | BW73: =IF($W$62,($W$69-$W$67)*SIN((2*PI()*36/36)),IF($W$63,-$W$70,-1*($W$70-$W$68)))/$W$126 -> -0.20833333
A74: =IF(V40,4,"") -> 4 | B74: =IF(V40,AB40,"") -> 4.0587297 | C74: =IF(V40,IF($W$61,"-",AQ40),"") -> 5 | D74: =IF(V40,IF($W$61,"-",AR40),"") -> 5 | E74: =IF(V40,IF($W$61,"-",AP40),"") -> 15 | F74: =IF(V40,AT40,"") -> 0.39103829 | G74: =IF(V40,AU40,"") -> 4.449768 | I74: =IF(V40,AE40,"") -> 0.79056942 | V74: M (t.cm) | W74: =IF($W$61,0,N($C$31)*100) -> 800
A75: =IF(V41,5,"") | B75: =IF(V41,AB41,"") | C75: =IF(V41,IF($W$61,"-",AQ41),"") | D75: =IF(V41,IF($W$61,"-",AR41),"") | E75: =IF(V41,IF($W$61,"-",AP41),"") | F75: =IF(V41,AT41,"") | G75: =IF(V41,AU41,"") | I75: =IF(V41,AE41,"") | V75: sign M | W75: =IF($W$74>=0,1,-1) -> 1
A76: =IF(V42,6,"") | B76: =IF(V42,AB42,"") | C76: =IF(V42,IF($W$61,"-",AQ42),"") | D76: =IF(V42,IF($W$61,"-",AR42),"") | E76: =IF(V42,IF($W$61,"-",AP42),"") | F76: =IF(V42,AT42,"") | G76: =IF(V42,AU42,"") | I76: =IF(V42,AE42,"") | V76: |M| t.cm | W76: =ABS($W$74) -> 800
A77: =IF(V43,7,"") | B77: =IF(V43,AB43,"") | C77: =IF(V43,IF($W$61,"-",AQ43),"") | D77: =IF(V43,IF($W$61,"-",AR43),"") | E77: =IF(V43,IF($W$61,"-",AP43),"") | F77: =IF(V43,AT43,"") | G77: =IF(V43,AU43,"") | I77: =IF(V43,AE43,"") | V77: n bolts | W77: =MAX(1,COUNTIF($V$37:$V$48,TRUE)) -> 4
A78: =IF(V44,8,"") | B78: =IF(V44,AB44,"") | C78: =IF(V44,IF($W$61,"-",AQ44),"") | D78: =IF(V44,IF($W$61,"-",AR44),"") | E78: =IF(V44,IF($W$61,"-",AP44),"") | F78: =IF(V44,AT44,"") | G78: =IF(V44,AU44,"") | I78: =IF(V44,AE44,"") | V78: As bolt cm2 | W78: =0.78*PI()*('2-Anchor Bolt'!$C$12/10)^2/4 -> 5.5134951
A79: =IF(V45,9,"") | B79: =IF(V45,AB45,"") | C79: =IF(V45,IF($W$61,"-",AQ45),"") | D79: =IF(V45,IF($W$61,"-",AR45),"") | E79: =IF(V45,IF($W$61,"-",AP45),"") | F79: =IF(V45,AT45,"") | G79: =IF(V45,AU45,"") | I79: =IF(V45,AE45,"") | V79: Ec t/cm2 | W79: =4400*SQRT($C$22/10.2)/98.1 -> 222.05144
A80: =IF(V46,10,"") | B80: =IF(V46,AB46,"") | C80: =IF(V46,IF($W$61,"-",AQ46),"") | D80: =IF(V46,IF($W$61,"-",AR46),"") | E80: =IF(V46,IF($W$61,"-",AP46),"") | F80: =IF(V46,AT46,"") | G80: =IF(V46,AU46,"") | I80: =IF(V46,AE46,"") | V80: n = Es/Ec | W80: =2100/$W$79 -> 9.4572682
A81: =IF(V47,11,"") | B81: =IF(V47,AB47,"") | C81: =IF(V47,IF($W$61,"-",AQ47),"") | D81: =IF(V47,IF($W$61,"-",AR47),"") | E81: =IF(V47,IF($W$61,"-",AP47),"") | F81: =IF(V47,AT47,"") | G81: =IF(V47,AU47,"") | I81: =IF(V47,AE47,"") | V81: n As | W81: =$W$80*$W$78 -> 52.142602
A82: =IF(V48,12,"") | B82: =IF(V48,AB48,"") | C82: =IF(V48,IF($W$61,"-",AQ48),"") | D82: =IF(V48,IF($W$61,"-",AR48),"") | E82: =IF(V48,IF($W$61,"-",AP48),"") | F82: =IF(V48,AT48,"") | G82: =IF(V48,AU48,"") | I82: =IF(V48,AE48,"") | V82: d bar | W82: =SUMPRODUCT(--($V$37:$V$48),$Z$37:$Z$48)/$W$77 -> 30
A83: Prying (ECP 205): Q = T·[ ½ − w·t⁴ / (30·a·b²·As) ] / [ (3a/4b + 1)·(a/3b + 1) + w·t⁴ / (6·a·b²·As) ] | V83: S2 | W83: =SUMPRODUCT(--($V$37:$V$48),($Z$37:$Z$48-$W$82)^2) -> 2500
A84: b = bolt to column face, a = bolt to plate edge ≤ 1.25 b, w = plate width per bolt, t = plate thickness. Highlighted row = critical bolt. | V84: T (uplift) | W84: =-$W$73 -> -20
A85: ="TO SHEET 2: max (T + Q) = "&TEXT($W$123,"0.00")&" ton (bolt "&$W$124&") | max V = "&TEXT($W$125,"0.00")&" ton" -> TO SHEET 2: max (T + Q) = 4.45 ton (bolt 1) | max V = 0.79 ton | V85: b coef (case B) | W85: =IF($W$83>0,($W$76+$W$84*($W$71/2-$W$82))/$W$83,0) -> 0.32
V86: a coef (case B) | W86: =$W$84/$W$77 -> -5
A87: Concrete Bearing Check: | D87: Fb × √(A2/A1) , √(A2/A1) ≤ 2 | V87: case B ok | W87: =AND($W$73<=0,IF($W$83>0,$W$86-$W$85*$W$82>=-1E-9,ABS($W$76+$W$84*($W$71/2-$W$82))<1E-9)) -> 0
A88: Allowable Bearing = | C88: =$W$109 -> 70 | D88: kg/cm2 | E88: √(A2/A1) = | F88: =$W$110 -> 1.3333333 | V88: case | W88: =IF($W$61,"IDEA",IF(AND($W$73=0,$W$76=0),"None",IF(AND($W$73>0,$W$76<=$W$73*$W$71/6),"A",IF($W$87,"B","C")))) -> C
A89: Actual Bearing = | C89: =IF($W$61,"-",$W$94*1000) -> 71.292923 | D89: kg/cm2 | E89: =IF($W$61,"-",IF($W$94*1000<=$W$111,"< ","> ")&TEXT($W$111,"0.0")) -> < 93.3 | F89: =IF($W$61,"By IDEA",IF($W$94=0,"N/A",IF($W$94*1000<=$W$111,"Safe","Un-Safe"))) -> Safe | G89: =IF($W$94>0,"SR = "&TEXT($W$94*1000/$W$111,"0%"),"") -> SR = 76% | V89: j* (crossing) | W89: =IF(COUNT($CF$161:$CF$360)=0,"",MIN($CF$161:$CF$360)) -> 88
V90: c (cm) | W90: =IF(AND($W$88="C",ISNUMBER($W$89)),INDEX($CB$160:$CB$360,$W$89)+($W$71/200)*(-INDEX($CE$160:$CE$360,$W$89))/(INDEX($CE$160:$CE$360,$W$89+1)-INDEX($CE$160:$CE$360,$W$89)),"") -> 26.292894
A91: Base Plate Thickness Check: | D91: t = √((6M) / (b × σ)) | V91: G(c) | W91: =IF(ISNUMBER($W$90),$W$72*$W$90^2/2-$W$81*SUMPRODUCT(($Z$37:$Z$48>$W$90)*($Z$37:$Z$48-$W$90)),"") -> 7376.0181
A92: Allowable Stress = | C92: =$W$98 -> 1.728 | D92: t/cm2 | E92: =IF($C$8="ASD","σ = 0.72 Fy (ECP 205)","σ = 1.35 Fy ≡ φMp = 0.9·Fy·t²/4") -> σ = 0.72 Fy (ECP 205) | V92: H(c) | W92: =IF(ISNUMBER($W$90),$W$72*$W$90^2/2*($W$71/2-$W$90/3)+$W$81*SUMPRODUCT(($Z$37:$Z$48>$W$90)*($Z$37:$Z$48-$W$90)*($Z$37:$Z$48-$W$71/2)),"") -> 295051.96
A93: Cantilever m = | C93: =$W$101 -> 11 | D93: cm | E93: n = | F93: =$W$102 -> 7 | G93: cm | H93: from 0.95h / 0.8b | V93: k (t/cm3) | W93: =IF(ISNUMBER($W$90),IF($W$73<>0,$W$73/$W$91,$W$76/$W$92),0) -> 0.0027114901
A94: M (bearing) = | C94: =IF($W$61,"-",$W$106) -> 3.711723 | D94: t.cm/cm | E94: M (bolts) = | F94: =IF($W$61,"-",$W$107) -> 1.2225638 | G94: t.cm/cm | V94: q max t/cm2 | W94: =IF($W$88="A",$W$73/($W$72*$W$71)+6*$W$76/($W$72*$W$71^2),IF(ISNUMBER($W$90),$W$93*$W$90,0)) -> 0.071292923
A95: bearing: cantilever m (pressure diagram) and n (pressure at the column face) | bolts: max( T·b − Q·a , Q·a ) / w | V95: q min t/cm2 | W95: =IF($W$88="A",$W$73/($W$72*$W$71)-6*$W$76/($W$72*$W$71^2),0) -> 0
A96: Design Thickness = | C96: =IF($W$61,"-",$W$108) -> 3.5899759 | D96: cm | E96: ="Used = "&$C$19&" cm" -> Used = 4 cm | F96: =IF($W$61,"By IDEA",IF($C$19>=$W$108,"Safe","Un-Safe")) -> Safe | V96: Fy plate | W96: =IF($C$16="ST 37",2.4,IF($C$16="ST 44",2.8,3.6)) -> 2.4
V97: Fu plate | W97: =IF($C$16="ST 37",3.6,IF($C$16="ST 44",4.4,5.2)) -> 3.6
A98: Column Weld Check: | D98: f = √( (N/Lw + M/Sw)² + (V/Lw)² ) / a | V98: sigma b | W98: =IF($W$60,0.72,1.35)*$W$96 -> 1.728
A99: Weld Length Lw = | C99: =$W$114 -> 152.8 | D99: cm | E99: Sw = Iw/c = | F99: =$W$117 -> 1893.2336 | G99: cm2 | V99: crit. X | W99: =IF($W$62,0.8,0.95)*$W$65 -> 38
A100: Throat a = 0.7 s = | C100: =IF($C$20="Fillet",$W$113,"-") -> 0.84 | D100: cm | E100: Allowable = | F100: =$W$120 -> 0.72 | G100: t/cm2 | H100: =IF($C$8="ASD","0.2 Fu","0.75×0.6 Fu") -> 0.2 Fu | V100: crit. Y | W100: =IF($W$62,0.8*$W$65,IF($W$63,0.8,0.95)*$W$66) -> 16
A101: Actual Stress = | C101: =IF(AND($C$20="Fillet",NOT($W$61)),$W$119,"-") -> 0.65932658 | D101: t/cm2 | E101: =IF($W$61,"-",IF($C$20="Fillet",IF($W$119<=$W$120,"< ","> ")&TEXT($W$120,"0.00"),"Full pen.")) -> < 0.72 | F101: =IF($W$61,"By IDEA",IF($C$20<>"Fillet","Safe",IF($W$119<=$W$120,"Safe","Un-Safe"))) -> Safe | G101: =IF($C$20="Fillet","line method, all around","= base metal strength") -> line method, all around | V101: m | W101: =MAX(0,($W$71-IF($W$64,$W$99,$W$100))/2) -> 11
V102: n | W102: =MAX(0,($W$72-IF($W$64,$W$100,$W$99))/2) -> 7
...

Sheet 2-Anchor Bolt
A1: MOHAMED MUSTAFA | Steel Structures Design | L1: DESIGN BY : | M1: ENG. Mohamed Mustafa | P1: REV. NO. : | Q1: 3 | R1: DATE OF REV : | T1: 45940
A2: Anchor Bolt & Washer Plate Design - ECP 205 (ASD / LRFD) | L2: Phone | M2: ="01140949980" -> 01140949980 | P2: WhatsApp
A3: DESIGN BY : | B3: ENG. Mohamed Mustafa | L3: Linkedin account | P3: Facebook account
A4: Project ID. : | L4: Portfolio
A6: Data Entry
G7: =C12 -> 30 | K7: angle in rad = | M7: =1/(C12/20) -> 0.66666667 | P7: =1*M9 -> 0.10301128 | Q7: "@1cm width"
A8: Design Method : | C8: ='1-Base Plate'!C8 -> ASD | D8: Anchor Shape : | F8: Straight | K8: Perimeter @ r2 washer = | N8: =M7*(C15/2) -> 2.6666667 | P8: =N8*M9 -> 0.27469676 | Q8: ="@"&N8&"cmwidth" -> @2.66666666666667cmwidth
A9: Bolt Properties : | C9: ST 52 | K9: stress in washer = | M9: =E34/B32 -> 0.10301128 | P9: center1 = | Q9: =(C15/2-C12/20)/2 -> 1.25 | R9: cm
A10: Force in bolt = | C10: ='1-Base Plate'!$W$123 -> 4.449768 | D10: ton | K10: area hatched = | M10: =B32*(0.5*M7/PI()) -> 4.5833333 | N10: cm2 | P10: Center2 = | Q10: =(2/3)*(C15/2-C12/10/2) -> 1.6666667 | R10: cm | T10: G | U10: 4 | V10: 0.6
A11: Embedment hef = | C11: 120 | D11: cm | K11: W in Circular strip | M11: =M10*M9 -> 0.47213505
A12: Bolt Diameter = | C12: 30 | D12: mm | K12: Moment 1 = | L12: =P7*(Q9*2)*(Q9) -> 0.32191026 | M12: t.cm | R12: =IF(F8="Straight",1,0.75) -> 1
A13: Concrete Fcu = | C13: ='1-Base Plate'!C22 -> 250 | D13: kg/cm2 | K13: Moment 2 = | L13: =Q9*(P8-P7)*(Q10) -> 0.35767807 | M13: t.cm | P13: =P7*Q9*2+0.5*(P8-P7)*Q9*2 -> 0.47213505 | R13: =IF(F15="Plain",1,0.75) -> 1
A14: Consider Bond : | C14: No | K14: Mt = | L14: =(L13+L12) -> 0.67958833 | M14: t.cm
A15: Washer Diameter = | C15: =CEILING(MAX($T$23,$T$24),1) -> 8 | D15: cm | E15: Anchor type: | F15: Plain | L15: =E34/(2*PI()) -> 0.70820258
A16: Washer Properties : | C16: ST 37
A17: Selected Thickness = | C17: =IFERROR(INDEX($U$20:$U$31,COUNTIF($U$20:$U$31,"<"&MAX(C40,1))+1),"> 6") -> 1.6 | D17: cm | E17: =IF(C10<=0,"No tension",IF(AND(F25="Safe",F42="Safe",F45="Safe",F48="Safe",F50="Safe",F51="Safe",F53="Safe"),"Safe","Check design steps")) -> Safe | N17: =P7*(Q9*2)*(Q9) -> 0.32191026
B18: =IF(C10<=0,"No tension in the bolts (sheet 1) - washer plate not needed","") | N18: =Q9*(P8-P7)*(Q10) -> 0.35767807
A19: Data Output: | S19: Helpers | U19: Std t (cm)
S20: A2 (cm2) | T20: =IF('1-Base Plate'!$W$77>1,MIN(2*'1-Base Plate'!$W$121,N('1-Base Plate'!$W$122)),2*'1-Base Plate'!$W$121)^2 -> 400 | U20: 1
A21: Bolt Properties: | Q21: =N8&"cm" -> 2.66666666666667cm | S21: fb0 (kg/cm2) | T21: =$C$27 -> 70 | U21: 1.2
A22: Fy = | B22: =IF(C9="ST 37",2.4, IF(C9="ST 44",2.8, IF(C9="ST 52",3.6, IF(C9="G4.6",2.4, IF(C9="G4.8",3.2, IF(C9="G5.6",3, IF(C9="G5.8",4, IF(C9="G6.8",4.8, IF(C9="G8.8",6.4,IF(C9="G10.9",9,"")))))))))) -> 3.6 | C22: t/cm2 | D22: Fu = | E22: =IF(C9="ST 37",3.6, IF(C9="ST 44",4.4, IF(C9="ST 52",5.2, IF(C9="G4.6",4, IF(C9="G4.8",4, IF(C9="G5.6",5, IF(C9="G5.8",5, IF(C9="G6.8",6, IF(C9="G8.8",8,IF(C9="G10.9",10,"")))))))))) -> 5.2 | F22: t/cm2 | L22: =C15/2&"cm" -> 4cm | S22: A1 req (cm2) | T22: =MAX($C$34/(2*$T$21),($C$34/$T$21)^2/$T$20) -> 31.784057 | U22: 1.5
A23: Bolt Area = | B23: =PI()*((C12/10)/2)^2 -> 7.0685835 | C23: cm2 | D23: Perimeter = | E23: =PI()*C12/10 -> 9.424778 | F23: cm | G23: =C11&"cm" -> 120cm | S23: D bearing (cm) | T23: =SQRT(4*($T$22+$B$23)/PI()) -> 7.0334002 | U23: 1.6
A24: Bond Surface Area = | C24: =E23*C11 -> 1130.9734 | D24: cm2 | Q24: ="Area Hatched = "&M10&" cm" -> Area Hatched = 4.58333333333333 cm | S24: D min = 2.5d (cm) | T24: =2.5*$C$12/10 -> 7.5 | U24: 2
A25: Bolt Allowable tension = | C25: =IF(C8="ASD",0.33*0.78*B23*E22,0.75*0.78*B23*E22) -> 9.4611576 | D25: =IF(C25>=C10,"> ","< ")&TEXT(C10,"0.00") -> > 4.45 | F25: =IF(C10<C25,"Safe","Un-Safe") -> Safe | U25: 2.5
A26: Concrete Properties: | U26: 3
A27: Allowable Bearing = | C27: =IF(C8="ASD",IF(C13=350,110,70),0.67*C13/1.5) -> 70 | D27: kg/cm2 | E27: ="C"&C13/10 -> C25 | U27: 3.5
A28: Concrete bond = | C28: =IF(C8="ASD",1/1.5,1/1.2)*0.3*SQRT(C13/10.2/1.5)*10.2/(R12*R13) -> 8.2462113 | D28: kg/cm2 | E28: =C8 -> ASD | U28: 4
A29: Bearing x √(A2/A1) = | C29: =MIN(2,SQRT(T20/B32)) -> 2 | D29: Allow = | E29: =C27*C29 -> 140 | F29: kg/cm2 | U29: 4.5
A30: Washer Properties: | U30: 5
A31: Fy = | B31: =IF(C16="ST 37",2.4,IF(C16="ST 44",2.8,3.6)) -> 2.4 | C31: t/cm2 | D31: Fu = | E31: =IF(C16="ST 37",3.6,IF(C16="ST 44",4.4,5.2)) -> 3.6 | F31: t/cm2 | U31: 6
A32: Area = | B32: =(PI()*C15^2/4)-B23 -> 43.196899 | C32: cm2 | D32: Bearing = | E32: =IF(C8="ASD",0.9,1.35)*B31 -> 2.16 | F32: t/cm2 | I32: =C17&" cm" -> 1.6 cm
A33: Force transfer by bolt = | C33: =IF(C14="Yes",C24*C28,0) -> 0 | D33: kg | E33: =C33/1000 -> 0 | F33: ton
A34: Force in Washer = | C34: =IF(C14="Yes",MAX(C10*1000-C33,0),MAX(C10,0)*1000) -> 4449.768 | D34: kg | E34: =C34/1000 -> 4.449768 | F34: ton | K34: =E34/B32 -> 0.10301128 | P34: =C12/20&"cm" -> 1.5cm
A35: Max Moment In Washer plate = | D35: =L14 -> 0.67958833 | E35: t.cm
K36: =6*D35/(1*1^2) -> 4.07753
A37: Washer Plate design:
A38: Allowable Stress = | B38: =IF(C8="ASD",0.72*B31,0.9*1.5*B31) -> 1.728 | C38: t/cm2
A39: Washer Plate Thickness Check: | D39: t = √((6M) / (b × σ))
A40: Design Thickness = | C40: =((6*D35)/(1*B38))^0.5 -> 1.5361255 | D40: cm | E40: Diameter = | F40: =C15&"cm" -> 8cm
A41: Concrete Bearing Check:
A42: Actual Bearing = | B42: =E34*1000/(B32) -> 103.01128 | C42: kg/cm2 | D42: =IF(B42<=E29,"< ","> ")&TEXT(E29,"0.0") -> < 140.0 | E42: ="SR="&TEXT(B42/E29,"0%") -> SR=74% | F42: =IF(B42<=E29,"Safe","Un-Safe") -> Safe | H42: =C15&" cm" -> 8 cm
A43: Washer Bearing Check: | G43: Nut Area
A44: Allowable Stress = | B44: =E32 -> 2.16 | C44: t/cm2 | D44: Nut Area = | E44: =PI()*((1.5*C12/20)^2-(C12/20)^2) -> 8.8357293 | F44: cm2
A45: Actual Bearing = | B45: =E34/E44 -> 0.50361072 | C45: =IF(B45<=B44,"< ","> ")&TEXT(B44,"0.00")&" t/cm²" -> < 2.16 t/cm² | D45: =IF(F45="Safe", "Use Nut diameter = "&1.5*C12/10&" cm", "Use Cover Plate") -> Use Nut diameter = 4.5 cm | F45: =IF(B45<B44,"Safe","Un-Safe") -> Safe
A46: Washer Pull Check:
A47: Allowable Stress = | B47: =IF(C8="ASD",0.35,0.54)*B31 -> 0.84 | C47: t/cm2 | D47: Pull Area = | E47: =IFERROR(PI()*(C12/10)*C17,0) -> 15.079645 | F47: cm2
A48: Actual Stress = | B48: =IF(E47>0,E34/E47,0) -> 0.29508441 | C48: =IF(B48<=B47,"< ","> ")&TEXT(B47,"0.00")&" t/cm²" -> < 0.84 t/cm² | F48: =IF(B48<=B47,"Safe","Un-Safe") -> Safe
A49: Bolt Shear Check: | D49: (ft / Ft)² + (q / qb)² ≤ 1.0 | I49: =C15/2&"cm" -> 4cm
A50: Bolt Allowable shear = | C50: =IF(C8="ASD",0.25,0.30)*0.78*B23*E22 -> 7.1675436 | D50: =IF(C50>='1-Base Plate'!$W$125,"> ","< ")&TEXT('1-Base Plate'!$W$125,"0.00") -> > 0.79 | F50: =IF('1-Base Plate'!$W$125<=C50,"Safe","Un-Safe") -> Safe
A51: Interaction = | C51: =(MAX(C10,0)/C25)^2+('1-Base Plate'!$W$125/C50)^2 -> 0.2333663 | D51: =IF(C51<=1,"< 1.0","> 1.0") -> < 1.0 | F51: =IF(C51<=1,"Safe","Un-Safe") -> Safe
A52: Washer Place Check: | D52: D/2 + 5 ≤ c min ; D ≤ s min
A53: c min = | B53: ='1-Base Plate'!$W$121 -> 15 | C53: cm | D53: s min = | E53: =IF('1-Base Plate'!$W$77>1,TEXT('1-Base Plate'!$W$122,"0.0")&" cm","-") -> 20.0 cm | F53: =IF(AND(C15/2+5<=B53,OR('1-Base Plate'!$W$77=1,C15<=N('1-Base Plate'!$W$122))),"Safe","Un-Safe") -> Safe
A54: Concrete breakout, side-face blowout, pryout and the pedestal reinforcement → sheet "3-Pedestal".

Sheet 3-Pedestal
A1: MOHAMED MUSTAFA | Steel Structures Design | L1: DESIGN BY : | M1: ENG. Mohamed Mustafa | P1: REV. NO. : | Q1: 3 | R1: DATE OF REV : | T1: 45940
A2: Concrete Pedestal Design - ACI 318-19 Ch.17 (Anchorage) + ECP 203 (Section) | L2: Phone | M2: ="01140949980" -> 01140949980 | P2: WhatsApp
A3: DESIGN BY : | B3: ENG. Mohamed Mustafa | L3: Linkedin account | P3: Facebook account
A4: Project ID. : | L4: Portfolio
A6: Data Entry
A8: Pedestal : | C8: Reinforced | D8: Rebar Steel : | F8: 36/52
A9: Pedestal Height = | C9: 150 | D9: Main Bar Ø = | F9: 16 | G9: mm
A10: Clear Cover = | C10: 5 | D10: Tie Ø = | F10: 10 | G10: mm
D11: Status : | F11: =IF(AND(OR(F53="Safe",F53="N/A",F53="By Rft."),OR(F57="Safe",F57="N/A",F57="By Rft."),OR(I62="Safe",I62="N/A",I62="By Rft."),OR(I63="Safe",I63="N/A",I63="By Rft."),OR(F68="Safe",F68="N/A",F68="By Rft."),OR(F72="Safe",F72="N/A",F72="By Rft."),OR(F78="Safe",F78="N/A",F78="By Rft."),OR(F79="Safe",F79="N/A",F79="By Rft."),OR(F80="Safe",F80="N/A",F80="By Rft.")),"Safe","Check design steps") -> Safe
A13: Data From Sheets 1 & 2:
A14: Bx × By = | B14: =$W$43&" × "&$W$44 -> 80 × 60 | C14: cm | D14: f'c = 0.8fcu = | E14: =$W$46 -> 19.607843 | F14: MPa
A15: hef = | B15: =$W$47 -> 120 | C15: cm | D15: Bolt Ø = | E15: =$W$48 -> 30 | F15: mm
A16: Washer D = | B16: =$W$50 -> 8 | C16: cm | D16: Abrg = | E16: =$W$49 -> 43.196899 | F16: cm2
A17: N = | B17: =IF($W$41,"-",ABS('1-Base Plate'!$W$73)) -> 20 | C17: =IF('1-Base Plate'!$W$73>=0,"ton (C)","ton (T)") -> ton (C) | D17: M = | E17: =IF($W$41,"-",'1-Base Plate'!$W$76/100) -> 8 | F17: t.m
A18: Vx = | B18: =SUM($AN$25:$AN$36) -> 3 | C18: ton | D18: Vy = | E18: =SUM($AO$25:$AO$36) -> 1 | F18: ton
A19: Tension bolts = | B19: =$W$56 -> 2 | D19: Σ(T+Q) = | E19: =$W$57 -> 8.899536 | F19: ton
A20: Max (T+Q) = | B20: =$W$58 -> 4.449768 | C20: ton | D20: Design = | E20: ='1-Base Plate'!C8 -> ASD
A22: Pedestal Plan (to scale) :
V24: act | W24: x | X24: y | Y24: T+Q | Z24: tension | AA24: x t | AB24: y t | AC24: F·x | AD24: F·y | AE24: cx | AF24: cy | AG24: ca1 | AH24: ca2 | AI24: side-face? | AJ24: Nsb | AK24: cap | AL24: ratio | AM24: side | AN24: Vx | AO24: Vy | AP24: pair distances (tension bolts) | BB24: x all | BC24: y all | BN24: layer depth | BO24: layer As
V25: ='1-Base Plate'!V37 -> TRUE | W25: ='1-Base Plate'!W37 -> -25 | X25: ='1-Base Plate'!X37 -> -10 | Y25: ='1-Base Plate'!AU37 -> 4.449768 | Z25: =AND(V25,Y25>0.0001) -> TRUE | AA25: =IF(Z25,W25,"") -> -25 | AB25: =IF(Z25,X25,"") -> -10 | AC25: =IF(Z25,Y25*W25,0) -> -111.2442 | AD25: =IF(Z25,Y25*X25,0) -> -44.49768 | AE25: =$W$43/2-ABS(W25) -> 15 | AF25: =$W$44/2-ABS(X25) -> 20 | AG25: =IF(Z25,MIN(AE25,AF25),"") -> 15 | AH25: =IF(Z25,MAX(AE25,AF25),"") -> 20 | AI25: =IF(Z25,$W$47>2.5*AG25,FALSE) -> TRUE | AJ25: =IF(AI25,13*AG25*10*SQRT($W$49*100)*SQRT($W$46)/1000*IF(AH25<3*AG25,(1+AH25/AG25)/4,1),"") -> 331.04925 | AK25: =IF(AI25,$W$52*AJ25/$W$53,"") -> 165.52462 | AL25: =IF(AI25,Y25*9.81/AK25,"") -> 0.26372043 | AM25: =IF(Z25,SIGN(IF($W$42,W25,X25)),0) -> -1 | AN25: ='1-Base Plate'!AC37 -> 0.75 | AO25: ='1-Base Plate'!AD37 -> 0.25 | AQ25: =IF(AND(Z25,Z26),SQRT((W25-W26)^2+(X25-X26)^2),"") | AR25: =IF(AND(Z25,Z27),SQRT((W25-W27)^2+(X25-X27)^2),"") | AS25: =IF(AND(Z25,Z28),SQRT((W25-W28)^2+(X25-X28)^2),"") -> 20 | AT25: =IF(AND(Z25,Z29),SQRT((W25-W29)^2+(X25-X29)^2),"") | AU25: =IF(AND(Z25,Z30),SQRT((W25-W30)^2+(X25-X30)^2),"") | AV25: =IF(AND(Z25,Z31),SQRT((W25-W31)^2+(X25-X31)^2),"") | AW25: =IF(AND(Z25,Z32),SQRT((W25-W32)^2+(X25-X32)^2),"") | AX25: =IF(AND(Z25,Z33),SQRT((W25-W33)^2+(X25-X33)^2),"") | AY25: =IF(AND(Z25,Z34),SQRT((W25-W34)^2+(X25-X34)^2),"") | AZ25: =IF(AND(Z25,Z35),SQRT((W25-W35)^2+(X25-X35)^2),"") | BA25: =IF(AND(Z25,Z36),SQRT((W25-W36)^2+(X25-X36)^2),"") | BB25: =IF(V25,W25,"") -> -25 | BC25: =IF(V25,X25,"") -> -10 | BN25: =IF(0=0,$W$144,IF(0<=$W$170,$W$144+0*($W$145-$W$144)/($W$170+1),IF(0=$W$170+1,$W$145,0))) -> 6.8 | BO25: =IF(0=0,$W$169*$W$152,IF(0<=$W$170,2*$W$152,IF(0=$W$170+1,$W$169*$W$152,0))) -> 12.063716 | BP25: =-1*$W$43/2/$W$193 -> -0.81967213 | BQ25: =-1*$W$44/2/$W$193 -> -0.6147541 | BR25: =-1*'1-Base Plate'!$C$17/2/$W$193 -> -0.6147541 | BS25: =-1*'1-Base Plate'!$C$18/2/$W$193 -> -0.30737705 | BT25: =IF($W$51,-1*($W$43/2-($C$10+$F$10/20))/$W$193,NA()) -> -0.70696721 | BU25: =IF($W$51,-1*($W$44/2-($C$10+$F$10/20))/$W$193,NA()) -> -0.50204918 | BX25: =-($W$43/2+6)/$W$193 -> -0.94262295 | BY25: 0 | CF25: 0 | CG25: =IF(CF25<$W$171,IF(CF25<$W$194,-$W$196/2+CF25*$W$196/($W$194-1),IF(CF25<2*$W$194,-$W$196/2+(CF25-$W$194)*$W$196/($W$194-1),IF(CF25<2*$W$194+$W$195-2,-$W$196/2,$W$196/2)))/$W$193,NA()) -> -0.68032787 | CH25: =IF(CF25<$W$171,IF(CF25<$W$194,-$W$197/2,IF(CF25<2*$W$194,$W$197/2,IF(CF25<2*$W$194+$W$195-2,-$W$197/2+(CF25-2*$W$194+1)*$W$197/($W$195-1),-$W$197/2+(CF25-2*$W$194-($W$195-2)+1)*$W$197/($W$195-1))))/$W$193,NA()) -> -0.47540984 | CI25: =IF(V25,W25/$W$193,NA()) -> -0.51229508 | CJ25: =IF(V25,X25/$W$193,NA()) -> -0.20491803 | CK25: =IF(Z25,TEXT(Y25,"0.00")&" t"," ") -> 4.45 t | CL25: =($W$43/2+6)/$W$193 -> 0.94262295 | CM25: 0 | CN25: X
V26: ='1-Base Plate'!V38 -> TRUE | W26: ='1-Base Plate'!W38 -> 25 | X26: ='1-Base Plate'!X38 -> -10 | Y26: ='1-Base Plate'!AU38 -> 0 | Z26: =AND(V26,Y26>0.0001) -> FALSE | AA26: =IF(Z26,W26,"") | AB26: =IF(Z26,X26,"") | AC26: =IF(Z26,Y26*W26,0) -> 0 | AD26: =IF(Z26,Y26*X26,0) -> 0 | AE26: =$W$43/2-ABS(W26) -> 15 | AF26: =$W$44/2-ABS(X26) -> 20 | AG26: =IF(Z26,MIN(AE26,AF26),"") | AH26: =IF(Z26,MAX(AE26,AF26),"") | AI26: =IF(Z26,$W$47>2.5*AG26,FALSE) -> FALSE | AJ26: =IF(AI26,13*AG26*10*SQRT($W$49*100)*SQRT($W$46)/1000*IF(AH26<3*AG26,(1+AH26/AG26)/4,1),"") | AK26: =IF(AI26,$W$52*AJ26/$W$53,"") | AL26: =IF(AI26,Y26*9.81/AK26,"") | AM26: =IF(Z26,SIGN(IF($W$42,W26,X26)),0) -> 0 | AN26: ='1-Base Plate'!AC38 -> 0.75 | AO26: ='1-Base Plate'!AD38 -> 0.25 | AR26: =IF(AND(Z26,Z27),SQRT((W26-W27)^2+(X26-X27)^2),"") | AS26: =IF(AND(Z26,Z28),SQRT((W26-W28)^2+(X26-X28)^2),"") | AT26: =IF(AND(Z26,Z29),SQRT((W26-W29)^2+(X26-X29)^2),"") | AU26: =IF(AND(Z26,Z30),SQRT((W26-W30)^2+(X26-X30)^2),"") | AV26: =IF(AND(Z26,Z31),SQRT((W26-W31)^2+(X26-X31)^2),"") | AW26: =IF(AND(Z26,Z32),SQRT((W26-W32)^2+(X26-X32)^2),"") | AX26: =IF(AND(Z26,Z33),SQRT((W26-W33)^2+(X26-X33)^2),"") | AY26: =IF(AND(Z26,Z34),SQRT((W26-W34)^2+(X26-X34)^2),"") | AZ26: =IF(AND(Z26,Z35),SQRT((W26-W35)^2+(X26-X35)^2),"") | BA26: =IF(AND(Z26,Z36),SQRT((W26-W36)^2+(X26-X36)^2),"") | BB26: =IF(V26,W26,"") -> 25 | BC26: =IF(V26,X26,"") -> -10 | BN26: =IF(1=0,$W$144,IF(1<=$W$170,$W$144+1*($W$145-$W$144)/($W$170+1),IF(1=$W$170+1,$W$145,0))) -> 20.08 | BO26: =IF(1=0,$W$169*$W$152,IF(1<=$W$170,2*$W$152,IF(1=$W$170+1,$W$169*$W$152,0))) -> 4.0212386 | BP26: =1*$W$43/2/$W$193 -> 0.81967213 | BQ26: =-1*$W$44/2/$W$193 -> -0.6147541 | BR26: =1*'1-Base Plate'!$C$17/2/$W$193 -> 0.6147541 | BS26: =-1*'1-Base Plate'!$C$18/2/$W$193 -> -0.30737705 | BT26: =IF($W$51,1*($W$43/2-($C$10+$F$10/20))/$W$193,NA()) -> 0.70696721 | BU26: =IF($W$51,-1*($W$44/2-($C$10+$F$10/20))/$W$193,NA()) -> -0.50204918 | BX26: =($W$43/2+6)/$W$193 -> 0.94262295 | BY26: 0 | CF26: 1 | CG26: =IF(CF26<$W$171,IF(CF26<$W$194,-$W$196/2+CF26*$W$196/($W$194-1),IF(CF26<2*$W$194,-$W$196/2+(CF26-$W$194)*$W$196/($W$194-1),IF(CF26<2*$W$194+$W$195-2,-$W$196/2,$W$196/2)))/$W$193,NA()) -> -0.40819672 | CH26: =IF(CF26<$W$171,IF(CF26<$W$194,-$W$197/2,IF(CF26<2*$W$194,$W$197/2,IF(CF26<2*$W$194+$W$195-2,-$W$197/2+(CF26-2*$W$194+1)*$W$197/($W$195-1),-$W$197/2+(CF26-2*$W$194-($W$195-2)+1)*$W$197/($W$195-1))))/$W$193,NA()) -> -0.47540984 | CI26: =IF(V26,W26/$W$193,NA()) -> 0.51229508 | CJ26: =IF(V26,X26/$W$193,NA()) -> -0.20491803 | CK26: =IF(Z26,TEXT(Y26,"0.00")&" t"," ") | CL26: 0 | CM26: =($W$44/2+6)/$W$193 -> 0.73770492 | CN26: Y
V27: ='1-Base Plate'!V39 -> TRUE | W27: ='1-Base Plate'!W39 -> 25 | X27: ='1-Base Plate'!X39 -> 10 | Y27: ='1-Base Plate'!AU39 -> 0 | Z27: =AND(V27,Y27>0.0001) -> FALSE | AA27: =IF(Z27,W27,"") | AB27: =IF(Z27,X27,"") | AC27: =IF(Z27,Y27*W27,0) -> 0 | AD27: =IF(Z27,Y27*X27,0) -> 0 | AE27: =$W$43/2-ABS(W27) -> 15 | AF27: =$W$44/2-ABS(X27) -> 20 | AG27: =IF(Z27,MIN(AE27,AF27),"") | AH27: =IF(Z27,MAX(AE27,AF27),"") | AI27: =IF(Z27,$W$47>2.5*AG27,FALSE) -> FALSE | AJ27: =IF(AI27,13*AG27*10*SQRT($W$49*100)*SQRT($W$46)/1000*IF(AH27<3*AG27,(1+AH27/AG27)/4,1),"") | AK27: =IF(AI27,$W$52*AJ27/$W$53,"") | AL27: =IF(AI27,Y27*9.81/AK27,"") | AM27: =IF(Z27,SIGN(IF($W$42,W27,X27)),0) -> 0 | AN27: ='1-Base Plate'!AC39 -> 0.75 | AO27: ='1-Base Plate'!AD39 -> 0.25 | AS27: =IF(AND(Z27,Z28),SQRT((W27-W28)^2+(X27-X28)^2),"") | AT27: =IF(AND(Z27,Z29),SQRT((W27-W29)^2+(X27-X29)^2),"") | AU27: =IF(AND(Z27,Z30),SQRT((W27-W30)^2+(X27-X30)^2),"") | AV27: =IF(AND(Z27,Z31),SQRT((W27-W31)^2+(X27-X31)^2),"") | AW27: =IF(AND(Z27,Z32),SQRT((W27-W32)^2+(X27-X32)^2),"") | AX27: =IF(AND(Z27,Z33),SQRT((W27-W33)^2+(X27-X33)^2),"") | AY27: =IF(AND(Z27,Z34),SQRT((W27-W34)^2+(X27-X34)^2),"") | AZ27: =IF(AND(Z27,Z35),SQRT((W27-W35)^2+(X27-X35)^2),"") | BA27: =IF(AND(Z27,Z36),SQRT((W27-W36)^2+(X27-X36)^2),"") | BB27: =IF(V27,W27,"") -> 25 | BC27: =IF(V27,X27,"") -> 10 | BN27: =IF(2=0,$W$144,IF(2<=$W$170,$W$144+2*($W$145-$W$144)/($W$170+1),IF(2=$W$170+1,$W$145,0))) -> 33.36 | BO27: =IF(2=0,$W$169*$W$152,IF(2<=$W$170,2*$W$152,IF(2=$W$170+1,$W$169*$W$152,0))) -> 4.0212386 | BP27: =1*$W$43/2/$W$193 -> 0.81967213 | BQ27: =1*$W$44/2/$W$193 -> 0.6147541 | BR27: =1*'1-Base Plate'!$C$17/2/$W$193 -> 0.6147541 | BS27: =1*'1-Base Plate'!$C$18/2/$W$193 -> 0.30737705 | BT27: =IF($W$51,1*($W$43/2-($C$10+$F$10/20))/$W$193,NA()) -> 0.70696721 | BU27: =IF($W$51,1*($W$44/2-($C$10+$F$10/20))/$W$193,NA()) -> 0.50204918 | BX27: 0 | BY27: =-($W$44/2+6)/$W$193 -> -0.73770492 | CF27: 2 | CG27: =IF(CF27<$W$171,IF(CF27<$W$194,-$W$196/2+CF27*$W$196/($W$194-1),IF(CF27<2*$W$194,-$W$196/2+(CF27-$W$194)*$W$196/($W$194-1),IF(CF27<2*$W$194+$W$195-2,-$W$196/2,$W$196/2)))/$W$193,NA()) -> -0.13606557 | CH27: =IF(CF27<$W$171,IF(CF27<$W$194,-$W$197/2,IF(CF27<2*$W$194,$W$197/2,IF(CF27<2*$W$194+$W$195-2,-$W$197/2+(CF27-2*$W$194+1)*$W$197/($W$195-1),-$W$197/2+(CF27-2*$W$194-($W$195-2)+1)*$W$197/($W$195-1))))/$W$193,NA()) -> -0.47540984 | CI27: =IF(V27,W27/$W$193,NA()) -> 0.51229508 | CJ27: =IF(V27,X27/$W$193,NA()) -> 0.20491803 | CK27: =IF(Z27,TEXT(Y27,"0.00")&" t"," ") | CL27: 0 | CM27: =-($W$44/2+2)/$W$193 -> -0.6557377 | CN27: ="Bx = "&$W$43&" cm" -> Bx = 80 cm
V28: ='1-Base Plate'!V40 -> TRUE | W28: ='1-Base Plate'!W40 -> -25 | X28: ='1-Base Plate'!X40 -> 10 | Y28: ='1-Base Plate'!AU40 -> 4.449768 | Z28: =AND(V28,Y28>0.0001) -> TRUE | AA28: =IF(Z28,W28,"") -> -25 | AB28: =IF(Z28,X28,"") -> 10 | AC28: =IF(Z28,Y28*W28,0) -> -111.2442 | AD28: =IF(Z28,Y28*X28,0) -> 44.49768 | AE28: =$W$43/2-ABS(W28) -> 15 | AF28: =$W$44/2-ABS(X28) -> 20 | AG28: =IF(Z28,MIN(AE28,AF28),"") -> 15 | AH28: =IF(Z28,MAX(AE28,AF28),"") -> 20 | AI28: =IF(Z28,$W$47>2.5*AG28,FALSE) -> TRUE | AJ28: =IF(AI28,13*AG28*10*SQRT($W$49*100)*SQRT($W$46)/1000*IF(AH28<3*AG28,(1+AH28/AG28)/4,1),"") -> 331.04925 | AK28: =IF(AI28,$W$52*AJ28/$W$53,"") -> 165.52462 | AL28: =IF(AI28,Y28*9.81/AK28,"") -> 0.26372043 | AM28: =IF(Z28,SIGN(IF($W$42,W28,X28)),0) -> -1 | AN28: ='1-Base Plate'!AC40 -> 0.75 | AO28: ='1-Base Plate'!AD40 -> 0.25 | AT28: =IF(AND(Z28,Z29),SQRT((W28-W29)^2+(X28-X29)^2),"") | AU28: =IF(AND(Z28,Z30),SQRT((W28-W30)^2+(X28-X30)^2),"") | AV28: =IF(AND(Z28,Z31),SQRT((W28-W31)^2+(X28-X31)^2),"") | AW28: =IF(AND(Z28,Z32),SQRT((W28-W32)^2+(X28-X32)^2),"") | AX28: =IF(AND(Z28,Z33),SQRT((W28-W33)^2+(X28-X33)^2),"") | AY28: =IF(AND(Z28,Z34),SQRT((W28-W34)^2+(X28-X34)^2),"") | AZ28: =IF(AND(Z28,Z35),SQRT((W28-W35)^2+(X28-X35)^2),"") | BA28: =IF(AND(Z28,Z36),SQRT((W28-W36)^2+(X28-X36)^2),"") | BB28: =IF(V28,W28,"") -> -25 | BC28: =IF(V28,X28,"") -> 10 | BN28: =IF(3=0,$W$144,IF(3<=$W$170,$W$144+3*($W$145-$W$144)/($W$170+1),IF(3=$W$170+1,$W$145,0))) -> 46.64 | BO28: =IF(3=0,$W$169*$W$152,IF(3<=$W$170,2*$W$152,IF(3=$W$170+1,$W$169*$W$152,0))) -> 4.0212386 | BP28: =-1*$W$43/2/$W$193 -> -0.81967213 | BQ28: =1*$W$44/2/$W$193 -> 0.6147541 | BR28: =-1*'1-Base Plate'!$C$17/2/$W$193 -> -0.6147541 | BS28: =1*'1-Base Plate'!$C$18/2/$W$193 -> 0.30737705 | BT28: =IF($W$51,-1*($W$43/2-($C$10+$F$10/20))/$W$193,NA()) -> -0.70696721 | BU28: =IF($W$51,1*($W$44/2-($C$10+$F$10/20))/$W$193,NA()) -> 0.50204918 | BX28: 0 | BY28: =($W$44/2+6)/$W$193 -> 0.73770492 | CF28: 3 | CG28: =IF(CF28<$W$171,IF(CF28<$W$194,-$W$196/2+CF28*$W$196/($W$194-1),IF(CF28<2*$W$194,-$W$196/2+(CF28-$W$194)*$W$196/($W$194-1),IF(CF28<2*$W$194+$W$195-2,-$W$196/2,$W$196/2)))/$W$193,NA()) -> 0.13606557 | CH28: =IF(CF28<$W$171,IF(CF28<$W$194,-$W$197/2,IF(CF28<2*$W$194,$W$197/2,IF(CF28<2*$W$194+$W$195-2,-$W$197/2+(CF28-2*$W$194+1)*$W$197/($W$195-1),-$W$197/2+(CF28-2*$W$194-($W$195-2)+1)*$W$197/($W$195-1))))/$W$193,NA()) -> -0.47540984 | CI28: =IF(V28,W28/$W$193,NA()) -> -0.51229508 | CJ28: =IF(V28,X28/$W$193,NA()) -> 0.20491803 | CK28: =IF(Z28,TEXT(Y28,"0.00")&" t"," ") -> 4.45 t | CL28: =-($W$43/2+1)/$W$193 -> -0.84016393 | CM28: 0 | CN28: ="By = "&$W$44&" cm" -> By = 60 cm
V29: ='1-Base Plate'!V41 -> FALSE | W29: ='1-Base Plate'!W41 -> 0 | X29: ='1-Base Plate'!X41 -> 0 | Y29: ='1-Base Plate'!AU41 -> 0 | Z29: =AND(V29,Y29>0.0001) -> FALSE | AA29: =IF(Z29,W29,"") | AB29: =IF(Z29,X29,"") | AC29: =IF(Z29,Y29*W29,0) -> 0 | AD29: =IF(Z29,Y29*X29,0) -> 0 | AE29: =$W$43/2-ABS(W29) -> 40 | AF29: =$W$44/2-ABS(X29) -> 30 | AG29: =IF(Z29,MIN(AE29,AF29),"") | AH29: =IF(Z29,MAX(AE29,AF29),"") | AI29: =IF(Z29,$W$47>2.5*AG29,FALSE) -> FALSE | AJ29: =IF(AI29,13*AG29*10*SQRT($W$49*100)*SQRT($W$46)/1000*IF(AH29<3*AG29,(1+AH29/AG29)/4,1),"") | AK29: =IF(AI29,$W$52*AJ29/$W$53,"") | AL29: =IF(AI29,Y29*9.81/AK29,"") | AM29: =IF(Z29,SIGN(IF($W$42,W29,X29)),0) -> 0 | AN29: ='1-Base Plate'!AC41 -> 0 | AO29: ='1-Base Plate'!AD41 -> 0 | AU29: =IF(AND(Z29,Z30),SQRT((W29-W30)^2+(X29-X30)^2),"") | AV29: =IF(AND(Z29,Z31),SQRT((W29-W31)^2+(X29-X31)^2),"") | AW29: =IF(AND(Z29,Z32),SQRT((W29-W32)^2+(X29-X32)^2),"") | AX29: =IF(AND(Z29,Z33),SQRT((W29-W33)^2+(X29-X33)^2),"") | AY29: =IF(AND(Z29,Z34),SQRT((W29-W34)^2+(X29-X34)^2),"") | AZ29: =IF(AND(Z29,Z35),SQRT((W29-W35)^2+(X29-X35)^2),"") | BA29: =IF(AND(Z29,Z36),SQRT((W29-W36)^2+(X29-X36)^2),"") | BB29: =IF(V29,W29,"") | BC29: =IF(V29,X29,"") | BN29: =IF(4=0,$W$144,IF(4<=$W$170,$W$144+4*($W$145-$W$144)/($W$170+1),IF(4=$W$170+1,$W$145,0))) -> 59.92 | BO29: =IF(4=0,$W$169*$W$152,IF(4<=$W$170,2*$W$152,IF(4=$W$170+1,$W$169*$W$152,0))) -> 4.0212386 | BP29: =-1*$W$43/2/$W$193 -> -0.81967213 | BQ29: =-1*$W$44/2/$W$193 -> -0.6147541 | BR29: =-1*'1-Base Plate'!$C$17/2/$W$193 -> -0.6147541 | BS29: =-1*'1-Base Plate'!$C$18/2/$W$193 -> -0.30737705 | BT29: =IF($W$51,-1*($W$43/2-($C$10+$F$10/20))/$W$193,NA()) -> -0.70696721 | BU29: =IF($W$51,-1*($W$44/2-($C$10+$F$10/20))/$W$193,NA()) -> -0.50204918 | CF29: 4 | CG29: =IF(CF29<$W$171,IF(CF29<$W$194,-$W$196/2+CF29*$W$196/($W$194-1),IF(CF29<2*$W$194,-$W$196/2+(CF29-$W$194)*$W$196/($W$194-1),IF(CF29<2*$W$194+$W$195-2,-$W$196/2,$W$196/2)))/$W$193,NA()) -> 0.40819672 | CH29: =IF(CF29<$W$171,IF(CF29<$W$194,-$W$197/2,IF(CF29<2*$W$194,$W$197/2,IF(CF29<2*$W$194+$W$195-2,-$W$197/2+(CF29-2*$W$194+1)*$W$197/($W$195-1),-$W$197/2+(CF29-2*$W$194-($W$195-2)+1)*$W$197/($W$195-1))))/$W$193,NA()) -> -0.47540984 | CI29: =IF(V29,W29/$W$193,NA()) -> #N/A | CJ29: =IF(V29,X29/$W$193,NA()) -> #N/A | CK29: =IF(Z29,TEXT(Y29,"0.00")&" t"," ")
V30: ='1-Base Plate'!V42 -> FALSE | W30: ='1-Base Plate'!W42 -> 0 | X30: ='1-Base Plate'!X42 -> 0 | Y30: ='1-Base Plate'!AU42 -> 0 | Z30: =AND(V30,Y30>0.0001) -> FALSE | AA30: =IF(Z30,W30,"") | AB30: =IF(Z30,X30,"") | AC30: =IF(Z30,Y30*W30,0) -> 0 | AD30: =IF(Z30,Y30*X30,0) -> 0 | AE30: =$W$43/2-ABS(W30) -> 40 | AF30: =$W$44/2-ABS(X30) -> 30 | AG30: =IF(Z30,MIN(AE30,AF30),"") | AH30: =IF(Z30,MAX(AE30,AF30),"") | AI30: =IF(Z30,$W$47>2.5*AG30,FALSE) -> FALSE | AJ30: =IF(AI30,13*AG30*10*SQRT($W$49*100)*SQRT($W$46)/1000*IF(AH30<3*AG30,(1+AH30/AG30)/4,1),"") | AK30: =IF(AI30,$W$52*AJ30/$W$53,"") | AL30: =IF(AI30,Y30*9.81/AK30,"") | AM30: =IF(Z30,SIGN(IF($W$42,W30,X30)),0) -> 0 | AN30: ='1-Base Plate'!AC42 -> 0 | AO30: ='1-Base Plate'!AD42 -> 0 | AV30: =IF(AND(Z30,Z31),SQRT((W30-W31)^2+(X30-X31)^2),"") | AW30: =IF(AND(Z30,Z32),SQRT((W30-W32)^2+(X30-X32)^2),"") | AX30: =IF(AND(Z30,Z33),SQRT((W30-W33)^2+(X30-X33)^2),"") | AY30: =IF(AND(Z30,Z34),SQRT((W30-W34)^2+(X30-X34)^2),"") | AZ30: =IF(AND(Z30,Z35),SQRT((W30-W35)^2+(X30-X35)^2),"") | BA30: =IF(AND(Z30,Z36),SQRT((W30-W36)^2+(X30-X36)^2),"") | BB30: =IF(V30,W30,"") | BC30: =IF(V30,X30,"") | BN30: =IF(5=0,$W$144,IF(5<=$W$170,$W$144+5*($W$145-$W$144)/($W$170+1),IF(5=$W$170+1,$W$145,0))) -> 73.2 | BO30: =IF(5=0,$W$169*$W$152,IF(5<=$W$170,2*$W$152,IF(5=$W$170+1,$W$169*$W$152,0))) -> 12.063716 | CF30: 5 | CG30: =IF(CF30<$W$171,IF(CF30<$W$194,-$W$196/2+CF30*$W$196/($W$194-1),IF(CF30<2*$W$194,-$W$196/2+(CF30-$W$194)*$W$196/($W$194-1),IF(CF30<2*$W$194+$W$195-2,-$W$196/2,$W$196/2)))/$W$193,NA()) -> 0.68032787 | CH30: =IF(CF30<$W$171,IF(CF30<$W$194,-$W$197/2,IF(CF30<2*$W$194,$W$197/2,IF(CF30<2*$W$194+$W$195-2,-$W$197/2+(CF30-2*$W$194+1)*$W$197/($W$195-1),-$W$197/2+(CF30-2*$W$194-($W$195-2)+1)*$W$197/($W$195-1))))/$W$193,NA()) -> -0.47540984 | CI30: =IF(V30,W30/$W$193,NA()) -> #N/A | CJ30: =IF(V30,X30/$W$193,NA()) -> #N/A | CK30: =IF(Z30,TEXT(Y30,"0.00")&" t"," ")
V31: ='1-Base Plate'!V43 -> FALSE | W31: ='1-Base Plate'!W43 -> 0 | X31: ='1-Base Plate'!X43 -> 0 | Y31: ='1-Base Plate'!AU43 -> 0 | Z31: =AND(V31,Y31>0.0001) -> FALSE | AA31: =IF(Z31,W31,"") | AB31: =IF(Z31,X31,"") | AC31: =IF(Z31,Y31*W31,0) -> 0 | AD31: =IF(Z31,Y31*X31,0) -> 0 | AE31: =$W$43/2-ABS(W31) -> 40 | AF31: =$W$44/2-ABS(X31) -> 30 | AG31: =IF(Z31,MIN(AE31,AF31),"") | AH31: =IF(Z31,MAX(AE31,AF31),"") | AI31: =IF(Z31,$W$47>2.5*AG31,FALSE) -> FALSE | AJ31: =IF(AI31,13*AG31*10*SQRT($W$49*100)*SQRT($W$46)/1000*IF(AH31<3*AG31,(1+AH31/AG31)/4,1),"") | AK31: =IF(AI31,$W$52*AJ31/$W$53,"") | AL31: =IF(AI31,Y31*9.81/AK31,"") | AM31: =IF(Z31,SIGN(IF($W$42,W31,X31)),0) -> 0 | AN31: ='1-Base Plate'!AC43 -> 0 | AO31: ='1-Base Plate'!AD43 -> 0 | AW31: =IF(AND(Z31,Z32),SQRT((W31-W32)^2+(X31-X32)^2),"") | AX31: =IF(AND(Z31,Z33),SQRT((W31-W33)^2+(X31-X33)^2),"") | AY31: =IF(AND(Z31,Z34),SQRT((W31-W34)^2+(X31-X34)^2),"") | AZ31: =IF(AND(Z31,Z35),SQRT((W31-W35)^2+(X31-X35)^2),"") | BA31: =IF(AND(Z31,Z36),SQRT((W31-W36)^2+(X31-X36)^2),"") | BB31: =IF(V31,W31,"") | BC31: =IF(V31,X31,"") | BN31: =IF(6=0,$W$144,IF(6<=$W$170,$W$144+6*($W$145-$W$144)/($W$170+1),IF(6=$W$170+1,$W$145,0))) -> 0 | BO31: =IF(6=0,$W$169*$W$152,IF(6<=$W$170,2*$W$152,IF(6=$W$170+1,$W$169*$W$152,0))) -> 0 | CF31: 6 | CG31: =IF(CF31<$W$171,IF(CF31<$W$194,-$W$196/2+CF31*$W$196/($W$194-1),IF(CF31<2*$W$194,-$W$196/2+(CF31-$W$194)*$W$196/($W$194-1),IF(CF31<2*$W$194+$W$195-2,-$W$196/2,$W$196/2)))/$W$193,NA()) -> -0.68032787 | CH31: =IF(CF31<$W$171,IF(CF31<$W$194,-$W$197/2,IF(CF31<2*$W$194,$W$197/2,IF(CF31<2*$W$194+$W$195-2,-$W$197/2+(CF31-2*$W$194+1)*$W$197/($W$195-1),-$W$197/2+(CF31-2*$W$194-($W$195-2)+1)*$W$197/($W$195-1))))/$W$193,NA()) -> 0.47540984 | CI31: =IF(V31,W31/$W$193,NA()) -> #N/A | CJ31: =IF(V31,X31/$W$193,NA()) -> #N/A | CK31: =IF(Z31,TEXT(Y31,"0.00")&" t"," ")
V32: ='1-Base Plate'!V44 -> FALSE | W32: ='1-Base Plate'!W44 -> 0 | X32: ='1-Base Plate'!X44 -> 0 | Y32: ='1-Base Plate'!AU44 -> 0 | Z32: =AND(V32,Y32>0.0001) -> FALSE | AA32: =IF(Z32,W32,"") | AB32: =IF(Z32,X32,"") | AC32: =IF(Z32,Y32*W32,0) -> 0 | AD32: =IF(Z32,Y32*X32,0) -> 0 | AE32: =$W$43/2-ABS(W32) -> 40 | AF32: =$W$44/2-ABS(X32) -> 30 | AG32: =IF(Z32,MIN(AE32,AF32),"") | AH32: =IF(Z32,MAX(AE32,AF32),"") | AI32: =IF(Z32,$W$47>2.5*AG32,FALSE) -> FALSE | AJ32: =IF(AI32,13*AG32*10*SQRT($W$49*100)*SQRT($W$46)/1000*IF(AH32<3*AG32,(1+AH32/AG32)/4,1),"") | AK32: =IF(AI32,$W$52*AJ32/$W$53,"") | AL32: =IF(AI32,Y32*9.81/AK32,"") | AM32: =IF(Z32,SIGN(IF($W$42,W32,X32)),0) -> 0 | AN32: ='1-Base Plate'!AC44 -> 0 | AO32: ='1-Base Plate'!AD44 -> 0 | AX32: =IF(AND(Z32,Z33),SQRT((W32-W33)^2+(X32-X33)^2),"") | AY32: =IF(AND(Z32,Z34),SQRT((W32-W34)^2+(X32-X34)^2),"") | AZ32: =IF(AND(Z32,Z35),SQRT((W32-W35)^2+(X32-X35)^2),"") | BA32: =IF(AND(Z32,Z36),SQRT((W32-W36)^2+(X32-X36)^2),"") | BB32: =IF(V32,W32,"") | BC32: =IF(V32,X32,"") | BN32: =IF(7=0,$W$144,IF(7<=$W$170,$W$144+7*($W$145-$W$144)/($W$170+1),IF(7=$W$170+1,$W$145,0))) -> 0 | BO32: =IF(7=0,$W$169*$W$152,IF(7<=$W$170,2*$W$152,IF(7=$W$170+1,$W$169*$W$152,0))) -> 0 | CF32: 7 | CG32: =IF(CF32<$W$171,IF(CF32<$W$194,-$W$196/2+CF32*$W$196/($W$194-1),IF(CF32<2*$W$194,-$W$196/2+(CF32-$W$194)*$W$196/($W$194-1),IF(CF32<2*$W$194+$W$195-2,-$W$196/2,$W$196/2)))/$W$193,NA()) -> -0.40819672 | CH32: =IF(CF32<$W$171,IF(CF32<$W$194,-$W$197/2,IF(CF32<2*$W$194,$W$197/2,IF(CF32<2*$W$194+$W$195-2,-$W$197/2+(CF32-2*$W$194+1)*$W$197/($W$195-1),-$W$197/2+(CF32-2*$W$194-($W$195-2)+1)*$W$197/($W$195-1))))/$W$193,NA()) -> 0.47540984 | CI32: =IF(V32,W32/$W$193,NA()) -> #N/A | CJ32: =IF(V32,X32/$W$193,NA()) -> #N/A | CK32: =IF(Z32,TEXT(Y32,"0.00")&" t"," ")
V33: ='1-Base Plate'!V45 -> FALSE | W33: ='1-Base Plate'!W45 -> 0 | X33: ='1-Base Plate'!X45 -> 0 | Y33: ='1-Base Plate'!AU45 -> 0 | Z33: =AND(V33,Y33>0.0001) -> FALSE | AA33: =IF(Z33,W33,"") | AB33: =IF(Z33,X33,"") | AC33: =IF(Z33,Y33*W33,0) -> 0 | AD33: =IF(Z33,Y33*X33,0) -> 0 | AE33: =$W$43/2-ABS(W33) -> 40 | AF33: =$W$44/2-ABS(X33) -> 30 | AG33: =IF(Z33,MIN(AE33,AF33),"") | AH33: =IF(Z33,MAX(AE33,AF33),"") | AI33: =IF(Z33,$W$47>2.5*AG33,FALSE) -> FALSE | AJ33: =IF(AI33,13*AG33*10*SQRT($W$49*100)*SQRT($W$46)/1000*IF(AH33<3*AG33,(1+AH33/AG33)/4,1),"") | AK33: =IF(AI33,$W$52*AJ33/$W$53,"") | AL33: =IF(AI33,Y33*9.81/AK33,"") | AM33: =IF(Z33,SIGN(IF($W$42,W33,X33)),0) -> 0 | AN33: ='1-Base Plate'!AC45 -> 0 | AO33: ='1-Base Plate'!AD45 -> 0 | AY33: =IF(AND(Z33,Z34),SQRT((W33-W34)^2+(X33-X34)^2),"") | AZ33: =IF(AND(Z33,Z35),SQRT((W33-W35)^2+(X33-X35)^2),"") | BA33: =IF(AND(Z33,Z36),SQRT((W33-W36)^2+(X33-X36)^2),"") | BB33: =IF(V33,W33,"") | BC33: =IF(V33,X33,"") | BN33: =IF(8=0,$W$144,IF(8<=$W$170,$W$144+8*($W$145-$W$144)/($W$170+1),IF(8=$W$170+1,$W$145,0))) -> 0 | BO33: =IF(8=0,$W$169*$W$152,IF(8<=$W$170,2*$W$152,IF(8=$W$170+1,$W$169*$W$152,0))) -> 0 | CF33: 8 | CG33: =IF(CF33<$W$171,IF(CF33<$W$194,-$W$196/2+CF33*$W$196/($W$194-1),IF(CF33<2*$W$194,-$W$196/2+(CF33-$W$194)*$W$196/($W$194-1),IF(CF33<2*$W$194+$W$195-2,-$W$196/2,$W$196/2)))/$W$193,NA()) -> -0.13606557 | CH33: =IF(CF33<$W$171,IF(CF33<$W$194,-$W$197/2,IF(CF33<2*$W$194,$W$197/2,IF(CF33<2*$W$194+$W$195-2,-$W$197/2+(CF33-2*$W$194+1)*$W$197/($W$195-1),-$W$197/2+(CF33-2*$W$194-($W$195-2)+1)*$W$197/($W$195-1))))/$W$193,NA()) -> 0.47540984 | CI33: =IF(V33,W33/$W$193,NA()) -> #N/A | CJ33: =IF(V33,X33/$W$193,NA()) -> #N/A | CK33: =IF(Z33,TEXT(Y33,"0.00")&" t"," ")
V34: ='1-Base Plate'!V46 -> FALSE | W34: ='1-Base Plate'!W46 -> 0 | X34: ='1-Base Plate'!X46 -> 0 | Y34: ='1-Base Plate'!AU46 -> 0 | Z34: =AND(V34,Y34>0.0001) -> FALSE | AA34: =IF(Z34,W34,"") | AB34: =IF(Z34,X34,"") | AC34: =IF(Z34,Y34*W34,0) -> 0 | AD34: =IF(Z34,Y34*X34,0) -> 0 | AE34: =$W$43/2-ABS(W34) -> 40 | AF34: =$W$44/2-ABS(X34) -> 30 | AG34: =IF(Z34,MIN(AE34,AF34),"") | AH34: =IF(Z34,MAX(AE34,AF34),"") | AI34: =IF(Z34,$W$47>2.5*AG34,FALSE) -> FALSE | AJ34: =IF(AI34,13*AG34*10*SQRT($W$49*100)*SQRT($W$46)/1000*IF(AH34<3*AG34,(1+AH34/AG34)/4,1),"") | AK34: =IF(AI34,$W$52*AJ34/$W$53,"") | AL34: =IF(AI34,Y34*9.81/AK34,"") | AM34: =IF(Z34,SIGN(IF($W$42,W34,X34)),0) -> 0 | AN34: ='1-Base Plate'!AC46 -> 0 | AO34: ='1-Base Plate'!AD46 -> 0 | AZ34: =IF(AND(Z34,Z35),SQRT((W34-W35)^2+(X34-X35)^2),"") | BA34: =IF(AND(Z34,Z36),SQRT((W34-W36)^2+(X34-X36)^2),"") | BB34: =IF(V34,W34,"") | BC34: =IF(V34,X34,"") | BN34: =IF(9=0,$W$144,IF(9<=$W$170,$W$144+9*($W$145-$W$144)/($W$170+1),IF(9=$W$170+1,$W$145,0))) -> 0 | BO34: =IF(9=0,$W$169*$W$152,IF(9<=$W$170,2*$W$152,IF(9=$W$170+1,$W$169*$W$152,0))) -> 0 | CF34: 9 | CG34: =IF(CF34<$W$171,IF(CF34<$W$194,-$W$196/2+CF34*$W$196/($W$194-1),IF(CF34<2*$W$194,-$W$196/2+(CF34-$W$194)*$W$196/($W$194-1),IF(CF34<2*$W$194+$W$195-2,-$W$196/2,$W$196/2)))/$W$193,NA()) -> 0.13606557 | CH34: =IF(CF34<$W$171,IF(CF34<$W$194,-$W$197/2,IF(CF34<2*$W$194,$W$197/2,IF(CF34<2*$W$194+$W$195-2,-$W$197/2+(CF34-2*$W$194+1)*$W$197/($W$195-1),-$W$197/2+(CF34-2*$W$194-($W$195-2)+1)*$W$197/($W$195-1))))/$W$193,NA()) -> 0.47540984 | CI34: =IF(V34,W34/$W$193,NA()) -> #N/A | CJ34: =IF(V34,X34/$W$193,NA()) -> #N/A | CK34: =IF(Z34,TEXT(Y34,"0.00")&" t"," ")
V35: ='1-Base Plate'!V47 -> FALSE | W35: ='1-Base Plate'!W47 -> 0 | X35: ='1-Base Plate'!X47 -> 0 | Y35: ='1-Base Plate'!AU47 -> 0 | Z35: =AND(V35,Y35>0.0001) -> FALSE | AA35: =IF(Z35,W35,"") | AB35: =IF(Z35,X35,"") | AC35: =IF(Z35,Y35*W35,0) -> 0 | AD35: =IF(Z35,Y35*X35,0) -> 0 | AE35: =$W$43/2-ABS(W35) -> 40 | AF35: =$W$44/2-ABS(X35) -> 30 | AG35: =IF(Z35,MIN(AE35,AF35),"") | AH35: =IF(Z35,MAX(AE35,AF35),"") | AI35: =IF(Z35,$W$47>2.5*AG35,FALSE) -> FALSE | AJ35: =IF(AI35,13*AG35*10*SQRT($W$49*100)*SQRT($W$46)/1000*IF(AH35<3*AG35,(1+AH35/AG35)/4,1),"") | AK35: =IF(AI35,$W$52*AJ35/$W$53,"") | AL35: =IF(AI35,Y35*9.81/AK35,"") | AM35: =IF(Z35,SIGN(IF($W$42,W35,X35)),0) -> 0 | AN35: ='1-Base Plate'!AC47 -> 0 | AO35: ='1-Base Plate'!AD47 -> 0 | BA35: =IF(AND(Z35,Z36),SQRT((W35-W36)^2+(X35-X36)^2),"") | BB35: =IF(V35,W35,"") | BC35: =IF(V35,X35,"") | BN35: =IF(10=0,$W$144,IF(10<=$W$170,$W$144+10*($W$145-$W$144)/($W$170+1),IF(10=$W$170+1,$W$145,0))) -> 0 | BO35: =IF(10=0,$W$169*$W$152,IF(10<=$W$170,2*$W$152,IF(10=$W$170+1,$W$169*$W$152,0))) -> 0 | CF35: 10 | CG35: =IF(CF35<$W$171,IF(CF35<$W$194,-$W$196/2+CF35*$W$196/($W$194-1),IF(CF35<2*$W$194,-$W$196/2+(CF35-$W$194)*$W$196/($W$194-1),IF(CF35<2*$W$194+$W$195-2,-$W$196/2,$W$196/2)))/$W$193,NA()) -> 0.40819672 | CH35: =IF(CF35<$W$171,IF(CF35<$W$194,-$W$197/2,IF(CF35<2*$W$194,$W$197/2,IF(CF35<2*$W$194+$W$195-2,-$W$197/2+(CF35-2*$W$194+1)*$W$197/($W$195-1),-$W$197/2+(CF35-2*$W$194-($W$195-2)+1)*$W$197/($W$195-1))))/$W$193,NA()) -> 0.47540984 | CI35: =IF(V35,W35/$W$193,NA()) -> #N/A | CJ35: =IF(V35,X35/$W$193,NA()) -> #N/A | CK35: =IF(Z35,TEXT(Y35,"0.00")&" t"," ")
V36: ='1-Base Plate'!V48 -> FALSE | W36: ='1-Base Plate'!W48 -> 0 | X36: ='1-Base Plate'!X48 -> 0 | Y36: ='1-Base Plate'!AU48 -> 0 | Z36: =AND(V36,Y36>0.0001) -> FALSE | AA36: =IF(Z36,W36,"") | AB36: =IF(Z36,X36,"") | AC36: =IF(Z36,Y36*W36,0) -> 0 | AD36: =IF(Z36,Y36*X36,0) -> 0 | AE36: =$W$43/2-ABS(W36) -> 40 | AF36: =$W$44/2-ABS(X36) -> 30 | AG36: =IF(Z36,MIN(AE36,AF36),"") | AH36: =IF(Z36,MAX(AE36,AF36),"") | AI36: =IF(Z36,$W$47>2.5*AG36,FALSE) -> FALSE | AJ36: =IF(AI36,13*AG36*10*SQRT($W$49*100)*SQRT($W$46)/1000*IF(AH36<3*AG36,(1+AH36/AG36)/4,1),"") | AK36: =IF(AI36,$W$52*AJ36/$W$53,"") | AL36: =IF(AI36,Y36*9.81/AK36,"") | AM36: =IF(Z36,SIGN(IF($W$42,W36,X36)),0) -> 0 | AN36: ='1-Base Plate'!AC48 -> 0 | AO36: ='1-Base Plate'!AD48 -> 0 | BB36: =IF(V36,W36,"") | BC36: =IF(V36,X36,"") | BN36: =IF(11=0,$W$144,IF(11<=$W$170,$W$144+11*($W$145-$W$144)/($W$170+1),IF(11=$W$170+1,$W$145,0))) -> 0 | BO36: =IF(11=0,$W$169*$W$152,IF(11<=$W$170,2*$W$152,IF(11=$W$170+1,$W$169*$W$152,0))) -> 0 | CF36: 11 | CG36: =IF(CF36<$W$171,IF(CF36<$W$194,-$W$196/2+CF36*$W$196/($W$194-1),IF(CF36<2*$W$194,-$W$196/2+(CF36-$W$194)*$W$196/($W$194-1),IF(CF36<2*$W$194+$W$195-2,-$W$196/2,$W$196/2)))/$W$193,NA()) -> 0.68032787 | CH36: =IF(CF36<$W$171,IF(CF36<$W$194,-$W$197/2,IF(CF36<2*$W$194,$W$197/2,IF(CF36<2*$W$194+$W$195-2,-$W$197/2+(CF36-2*$W$194+1)*$W$197/($W$195-1),-$W$197/2+(CF36-2*$W$194-($W$195-2)+1)*$W$197/($W$195-1))))/$W$193,NA()) -> 0.47540984 | CI36: =IF(V36,W36/$W$193,NA()) -> #N/A | CJ36: =IF(V36,X36/$W$193,NA()) -> #N/A | CK36: =IF(Z36,TEXT(Y36,"0.00")&" t"," ")
CF37: 12 | CG37: =IF(CF37<$W$171,IF(CF37<$W$194,-$W$196/2+CF37*$W$196/($W$194-1),IF(CF37<2*$W$194,-$W$196/2+(CF37-$W$194)*$W$196/($W$194-1),IF(CF37<2*$W$194+$W$195-2,-$W$196/2,$W$196/2)))/$W$193,NA()) -> -0.68032787 | CH37: =IF(CF37<$W$171,IF(CF37<$W$194,-$W$197/2,IF(CF37<2*$W$194,$W$197/2,IF(CF37<2*$W$194+$W$195-2,-$W$197/2+(CF37-2*$W$194+1)*$W$197/($W$195-1),-$W$197/2+(CF37-2*$W$194-($W$195-2)+1)*$W$197/($W$195-1))))/$W$193,NA()) -> -0.2852459
CF38: 13 | CG38: =IF(CF38<$W$171,IF(CF38<$W$194,-$W$196/2+CF38*$W$196/($W$194-1),IF(CF38<2*$W$194,-$W$196/2+(CF38-$W$194)*$W$196/($W$194-1),IF(CF38<2*$W$194+$W$195-2,-$W$196/2,$W$196/2)))/$W$193,NA()) -> -0.68032787 | CH38: =IF(CF38<$W$171,IF(CF38<$W$194,-$W$197/2,IF(CF38<2*$W$194,$W$197/2,IF(CF38<2*$W$194+$W$195-2,-$W$197/2+(CF38-2*$W$194+1)*$W$197/($W$195-1),-$W$197/2+(CF38-2*$W$194-($W$195-2)+1)*$W$197/($W$195-1))))/$W$193,NA()) -> -0.095081967
V39: HELPERS (hidden) | CF39: 14 | CG39: =IF(CF39<$W$171,IF(CF39<$W$194,-$W$196/2+CF39*$W$196/($W$194-1),IF(CF39<2*$W$194,-$W$196/2+(CF39-$W$194)*$W$196/($W$194-1),IF(CF39<2*$W$194+$W$195-2,-$W$196/2,$W$196/2)))/$W$193,NA()) -> -0.68032787 | CH39: =IF(CF39<$W$171,IF(CF39<$W$194,-$W$197/2,IF(CF39<2*$W$194,$W$197/2,IF(CF39<2*$W$194+$W$195-2,-$W$197/2+(CF39-2*$W$194+1)*$W$197/($W$195-1),-$W$197/2+(CF39-2*$W$194-($W$195-2)+1)*$W$197/($W$195-1))))/$W$193,NA()) -> 0.095081967
V40: ASD? | W40: ='1-Base Plate'!$W$60 -> 1 | CA40: j | CB40: c | CC40: f(c) kg | CD40: Mr t.m | CE40: root | CF40: 15 | CG40: =IF(CF40<$W$171,IF(CF40<$W$194,-$W$196/2+CF40*$W$196/($W$194-1),IF(CF40<2*$W$194,-$W$196/2+(CF40-$W$194)*$W$196/($W$194-1),IF(CF40<2*$W$194+$W$195-2,-$W$196/2,$W$196/2)))/$W$193,NA()) -> -0.68032787 | CH40: =IF(CF40<$W$171,IF(CF40<$W$194,-$W$197/2,IF(CF40<2*$W$194,$W$197/2,IF(CF40<2*$W$194+$W$195-2,-$W$197/2+(CF40-2*$W$194+1)*$W$197/($W$195-1),-$W$197/2+(CF40-2*$W$194-($W$195-2)+1)*$W$197/($W$195-1))))/$W$193,NA()) -> 0.2852459
V41: IDEA? | W41: ='1-Base Plate'!$W$61 -> 0 | CA41: 1 | CB41: =2*$W$142*CA41/200 -> 0.8 | CC41: =0.447*$W$45*$W$143*MIN(0.8*CB41,$W$142)+SUMPRODUCT($BO$25:$BO$36,(ABS((2000000*0.003*(CB41-$BN$25:$BN$36)/CB41)+$W$146)-ABS((2000000*0.003*(CB41-$BN$25:$BN$36)/CB41)-$W$146))/2)-$W$139*1000 -> -151591.05 | CD41: =(0.447*$W$45*$W$143*MIN(0.8*CB41,$W$142)*($W$142/2-MIN(0.8*CB41,$W$142)/2)+SUMPRODUCT($BO$25:$BO$36,(ABS((2000000*0.003*(CB41-$BN$25:$BN$36)/CB41)+$W$146)-ABS((2000000*0.003*(CB41-$BN$25:$BN$36)/CB41)-$W$146))/2,($W$142/2-$BN$25:$BN$36)))/100000 -> 1.7027482 | CF41: 16 | CG41: =IF(CF41<$W$171,IF(CF41<$W$194,-$W$196/2+CF41*$W$196/($W$194-1),IF(CF41<2*$W$194,-$W$196/2+(CF41-$W$194)*$W$196/($W$194-1),IF(CF41<2*$W$194+$W$195-2,-$W$196/2,$W$196/2)))/$W$193,NA()) -> 0.68032787 | CH41: =IF(CF41<$W$171,IF(CF41<$W$194,-$W$197/2,IF(CF41<2*$W$194,$W$197/2,IF(CF41<2*$W$194+$W$195-2,-$W$197/2+(CF41-2*$W$194+1)*$W$197/($W$195-1),-$W$197/2+(CF41-2*$W$194-($W$195-2)+1)*$W$197/($W$195-1))))/$W$193,NA()) -> -0.2852459
V42: major? | W42: ='1-Base Plate'!$W$64 -> 1 | CA42: 2 | CB42: =2*$W$142*CA42/200 -> 1.6 | CC42: =0.447*$W$45*$W$143*MIN(0.8*CB42,$W$142)+SUMPRODUCT($BO$25:$BO$36,(ABS((2000000*0.003*(CB42-$BN$25:$BN$36)/CB42)+$W$146)-ABS((2000000*0.003*(CB42-$BN$25:$BN$36)/CB42)-$W$146))/2)-$W$139*1000 -> -147299.85 | CD42: =(0.447*$W$45*$W$143*MIN(0.8*CB42,$W$142)*($W$142/2-MIN(0.8*CB42,$W$142)/2)+SUMPRODUCT($BO$25:$BO$36,(ABS((2000000*0.003*(CB42-$BN$25:$BN$36)/CB42)+$W$146)-ABS((2000000*0.003*(CB42-$BN$25:$BN$36)/CB42)-$W$146))/2,($W$142/2-$BN$25:$BN$36)))/100000 -> 3.3780326 | CE42: =IF(AND(CC41<0,CC42>=0),CA42,"") | CF42: 17 | CG42: =IF(CF42<$W$171,IF(CF42<$W$194,-$W$196/2+CF42*$W$196/($W$194-1),IF(CF42<2*$W$194,-$W$196/2+(CF42-$W$194)*$W$196/($W$194-1),IF(CF42<2*$W$194+$W$195-2,-$W$196/2,$W$196/2)))/$W$193,NA()) -> 0.68032787 | CH42: =IF(CF42<$W$171,IF(CF42<$W$194,-$W$197/2,IF(CF42<2*$W$194,$W$197/2,IF(CF42<2*$W$194+$W$195-2,-$W$197/2+(CF42-2*$W$194+1)*$W$197/($W$195-1),-$W$197/2+(CF42-2*$W$194-($W$195-2)+1)*$W$197/($W$195-1))))/$W$193,NA()) -> -0.095081967
V43: Bx | W43: ='1-Base Plate'!$C$23 -> 80 | CA43: 3 | CB43: =2*$W$142*CA43/200 -> 2.4 | CC43: =0.447*$W$45*$W$143*MIN(0.8*CB43,$W$142)+SUMPRODUCT($BO$25:$BO$36,(ABS((2000000*0.003*(CB43-$BN$25:$BN$36)/CB43)+$W$146)-ABS((2000000*0.003*(CB43-$BN$25:$BN$36)/CB43)-$W$146))/2)-$W$139*1000 -> -143008.65 | CD43: =(0.447*$W$45*$W$143*MIN(0.8*CB43,$W$142)*($W$142/2-MIN(0.8*CB43,$W$142)/2)+SUMPRODUCT($BO$25:$BO$36,(ABS((2000000*0.003*(CB43-$BN$25:$BN$36)/CB43)+$W$146)-ABS((2000000*0.003*(CB43-$BN$25:$BN$36)/CB43)-$W$146))/2,($W$142/2-$BN$25:$BN$36)))/100000 -> 5.0258534 | CE43: =IF(AND(CC42<0,CC43>=0),CA43,"") | CF43: 18 | CG43: =IF(CF43<$W$171,IF(CF43<$W$194,-$W$196/2+CF43*$W$196/($W$194-1),IF(CF43<2*$W$194,-$W$196/2+(CF43-$W$194)*$W$196/($W$194-1),IF(CF43<2*$W$194+$W$195-2,-$W$196/2,$W$196/2)))/$W$193,NA()) -> 0.68032787 | CH43: =IF(CF43<$W$171,IF(CF43<$W$194,-$W$197/2,IF(CF43<2*$W$194,$W$197/2,IF(CF43<2*$W$194+$W$195-2,-$W$197/2+(CF43-2*$W$194+1)*$W$197/($W$195-1),-$W$197/2+(CF43-2*$W$194-($W$195-2)+1)*$W$197/($W$195-1))))/$W$193,NA()) -> 0.095081967
A44: ⊕ bolt (label = T + Q in tension) ● main bars ▬ ties (green) - - - base plate ▬ pedestal | V44: By | W44: ='1-Base Plate'!$C$24 -> 60 | CA44: 4 | CB44: =2*$W$142*CA44/200 -> 3.2 | CC44: =0.447*$W$45*$W$143*MIN(0.8*CB44,$W$142)+SUMPRODUCT($BO$25:$BO$36,(ABS((2000000*0.003*(CB44-$BN$25:$BN$36)/CB44)+$W$146)-ABS((2000000*0.003*(CB44-$BN$25:$BN$36)/CB44)-$W$146))/2)-$W$139*1000 -> -138717.45 | CD44: =(0.447*$W$45*$W$143*MIN(0.8*CB44,$W$142)*($W$142/2-MIN(0.8*CB44,$W$142)/2)+SUMPRODUCT($BO$25:$BO$36,(ABS((2000000*0.003*(CB44-$BN$25:$BN$36)/CB44)+$W$146)-ABS((2000000*0.003*(CB44-$BN$25:$BN$36)/CB44)-$W$146))/2,($W$142/2-$BN$25:$BN$36)))/100000 -> 6.6462106 | CE44: =IF(AND(CC43<0,CC44>=0),CA44,"") | CF44: 19 | CG44: =IF(CF44<$W$171,IF(CF44<$W$194,-$W$196/2+CF44*$W$196/($W$194-1),IF(CF44<2*$W$194,-$W$196/2+(CF44-$W$194)*$W$196/($W$194-1),IF(CF44<2*$W$194+$W$195-2,-$W$196/2,$W$196/2)))/$W$193,NA()) -> 0.68032787 | CH44: =IF(CF44<$W$171,IF(CF44<$W$194,-$W$197/2,IF(CF44<2*$W$194,$W$197/2,IF(CF44<2*$W$194+$W$195-2,-$W$197/2+(CF44-2*$W$194+1)*$W$197/($W$195-1),-$W$197/2+(CF44-2*$W$194-($W$195-2)+1)*$W$197/($W$195-1))))/$W$193,NA()) -> 0.2852459
V45: fcu | W45: ='1-Base Plate'!$C$22 -> 250 | CA45: 5 | CB45: =2*$W$142*CA45/200 -> 4 | CC45: =0.447*$W$45*$W$143*MIN(0.8*CB45,$W$142)+SUMPRODUCT($BO$25:$BO$36,(ABS((2000000*0.003*(CB45-$BN$25:$BN$36)/CB45)+$W$146)-ABS((2000000*0.003*(CB45-$BN$25:$BN$36)/CB45)-$W$146))/2)-$W$139*1000 -> -134426.25 | CD45: =(0.447*$W$45*$W$143*MIN(0.8*CB45,$W$142)*($W$142/2-MIN(0.8*CB45,$W$142)/2)+SUMPRODUCT($BO$25:$BO$36,(ABS((2000000*0.003*(CB45-$BN$25:$BN$36)/CB45)+$W$146)-ABS((2000000*0.003*(CB45-$BN$25:$BN$36)/CB45)-$W$146))/2,($W$142/2-$BN$25:$BN$36)))/100000 -> 8.239104 | CE45: =IF(AND(CC44<0,CC45>=0),CA45,"") | CF45: 20 | CG45: =IF(CF45<$W$171,IF(CF45<$W$194,-$W$196/2+CF45*$W$196/($W$194-1),IF(CF45<2*$W$194,-$W$196/2+(CF45-$W$194)*$W$196/($W$194-1),IF(CF45<2*$W$194+$W$195-2,-$W$196/2,$W$196/2)))/$W$193,NA()) -> #N/A | CH45: =IF(CF45<$W$171,IF(CF45<$W$194,-$W$197/2,IF(CF45<2*$W$194,$W$197/2,IF(CF45<2*$W$194+$W$195-2,-$W$197/2+(CF45-2*$W$194+1)*$W$197/($W$195-1),-$W$197/2+(CF45-2*$W$194-($W$195-2)+1)*$W$197/($W$195-1))))/$W$193,NA()) -> #N/A
A46: Data Output: | V46: f'c MPa | W46: =0.8*$W$45/10.2 -> 19.607843 | CA46: 6 | CB46: =2*$W$142*CA46/200 -> 4.8 | CC46: =0.447*$W$45*$W$143*MIN(0.8*CB46,$W$142)+SUMPRODUCT($BO$25:$BO$36,(ABS((2000000*0.003*(CB46-$BN$25:$BN$36)/CB46)+$W$146)-ABS((2000000*0.003*(CB46-$BN$25:$BN$36)/CB46)-$W$146))/2)-$W$139*1000 -> -122529.67 | CD46: =(0.447*$W$45*$W$143*MIN(0.8*CB46,$W$142)*($W$142/2-MIN(0.8*CB46,$W$142)/2)+SUMPRODUCT($BO$25:$BO$36,(ABS((2000000*0.003*(CB46-$BN$25:$BN$36)/CB46)+$W$146)-ABS((2000000*0.003*(CB46-$BN$25:$BN$36)/CB46)-$W$146))/2,($W$142/2-$BN$25:$BN$36)))/100000 -> 12.329522 | CE46: =IF(AND(CC45<0,CC46>=0),CA46,"") | CF46: 21 | CG46: =IF(CF46<$W$171,IF(CF46<$W$194,-$W$196/2+CF46*$W$196/($W$194-1),IF(CF46<2*$W$194,-$W$196/2+(CF46-$W$194)*$W$196/($W$194-1),IF(CF46<2*$W$194+$W$195-2,-$W$196/2,$W$196/2)))/$W$193,NA()) -> #N/A | CH46: =IF(CF46<$W$171,IF(CF46<$W$194,-$W$197/2,IF(CF46<2*$W$194,$W$197/2,IF(CF46<2*$W$194+$W$195-2,-$W$197/2+(CF46-2*$W$194+1)*$W$197/($W$195-1),-$W$197/2+(CF46-2*$W$194-($W$195-2)+1)*$W$197/($W$195-1))))/$W$193,NA()) -> #N/A
A47: =IF($W$40,"ASD: anchorage strength = φ·Nn / 1.5 compared with service forces; pedestal section with forces × 1.5 (ECP 203 ultimate).","LRFD: anchorage strength φ·Nn compared with factored forces; pedestal section with the factored forces (ECP 203 ultimate).") -> ASD: anchorage strength = φ·Nn / 1.5 compared with service forces; pedestal section with forces × 1.5 (ECP 203 ultimate). | V47: hef cm | W47: ='2-Anchor Bolt'!$C$11 -> 120 | CA47: 7 | CB47: =2*$W$142*CA47/200 -> 5.6 | CC47: =0.447*$W$45*$W$143*MIN(0.8*CB47,$W$142)+SUMPRODUCT($BO$25:$BO$36,(ABS((2000000*0.003*(CB47-$BN$25:$BN$36)/CB47)+$W$146)-ABS((2000000*0.003*(CB47-$BN$25:$BN$36)/CB47)-$W$146))/2)-$W$139*1000 -> -103589.67 | CD47: =(0.447*$W$45*$W$143*MIN(0.8*CB47,$W$142)*($W$142/2-MIN(0.8*CB47,$W$142)/2)+SUMPRODUCT($BO$25:$BO$36,(ABS((2000000*0.003*(CB47-$BN$25:$BN$36)/CB47)+$W$146)-ABS((2000000*0.003*(CB47-$BN$25:$BN$36)/CB47)-$W$146))/2,($W$142/2-$BN$25:$BN$36)))/100000 -> 18.730889 | CE47: =IF(AND(CC46<0,CC47>=0),CA47,"") | CF47: 22 | CG47: =IF(CF47<$W$171,IF(CF47<$W$194,-$W$196/2+CF47*$W$196/($W$194-1),IF(CF47<2*$W$194,-$W$196/2+(CF47-$W$194)*$W$196/($W$194-1),IF(CF47<2*$W$194+$W$195-2,-$W$196/2,$W$196/2)))/$W$193,NA()) -> #N/A | CH47: =IF(CF47<$W$171,IF(CF47<$W$194,-$W$197/2,IF(CF47<2*$W$194,$W$197/2,IF(CF47<2*$W$194+$W$195-2,-$W$197/2+(CF47-2*$W$194+1)*$W$197/($W$195-1),-$W$197/2+(CF47-2*$W$194-($W$195-2)+1)*$W$197/($W$195-1))))/$W$193,NA()) -> #N/A
V48: da mm | W48: ='2-Anchor Bolt'!$C$12 -> 30 | CA48: 8 | CB48: =2*$W$142*CA48/200 -> 6.4 | CC48: =0.447*$W$45*$W$143*MIN(0.8*CB48,$W$142)+SUMPRODUCT($BO$25:$BO$36,(ABS((2000000*0.003*(CB48-$BN$25:$BN$36)/CB48)+$W$146)-ABS((2000000*0.003*(CB48-$BN$25:$BN$36)/CB48)-$W$146))/2)-$W$139*1000 -> -88311.87 | CD48: =(0.447*$W$45*$W$143*MIN(0.8*CB48,$W$142)*($W$142/2-MIN(0.8*CB48,$W$142)/2)+SUMPRODUCT($BO$25:$BO$36,(ABS((2000000*0.003*(CB48-$BN$25:$BN$36)/CB48)+$W$146)-ABS((2000000*0.003*(CB48-$BN$25:$BN$36)/CB48)-$W$146))/2,($W$142/2-$BN$25:$BN$36)))/100000 -> 23.888942 | CE48: =IF(AND(CC47<0,CC48>=0),CA48,"") | CF48: 23 | CG48: =IF(CF48<$W$171,IF(CF48<$W$194,-$W$196/2+CF48*$W$196/($W$194-1),IF(CF48<2*$W$194,-$W$196/2+(CF48-$W$194)*$W$196/($W$194-1),IF(CF48<2*$W$194+$W$195-2,-$W$196/2,$W$196/2)))/$W$193,NA()) -> #N/A | CH48: =IF(CF48<$W$171,IF(CF48<$W$194,-$W$197/2,IF(CF48<2*$W$194,$W$197/2,IF(CF48<2*$W$194+$W$195-2,-$W$197/2+(CF48-2*$W$194+1)*$W$197/($W$195-1),-$W$197/2+(CF48-2*$W$194-($W$195-2)+1)*$W$197/($W$195-1))))/$W$193,NA()) -> #N/A
A49: Breakout in Tension: | D49: φNcbg = φ · (ANc / ANco) · ψec · ψed · ψc · Nb | V49: Abrg cm2 | W49: ='2-Anchor Bolt'!$B$32 -> 43.196899 | CA49: 9 | CB49: =2*$W$142*CA49/200 -> 7.2 | CC49: =0.447*$W$45*$W$143*MIN(0.8*CB49,$W$142)+SUMPRODUCT($BO$25:$BO$36,(ABS((2000000*0.003*(CB49-$BN$25:$BN$36)/CB49)+$W$146)-ABS((2000000*0.003*(CB49-$BN$25:$BN$36)/CB49)-$W$146))/2)-$W$139*1000 -> -75475.538 | CD49: =(0.447*$W$45*$W$143*MIN(0.8*CB49,$W$142)*($W$142/2-MIN(0.8*CB49,$W$142)/2)+SUMPRODUCT($BO$25:$BO$36,(ABS((2000000*0.003*(CB49-$BN$25:$BN$36)/CB49)+$W$146)-ABS((2000000*0.003*(CB49-$BN$25:$BN$36)/CB49)-$W$146))/2,($W$142/2-$BN$25:$BN$36)))/100000 -> 28.208964 | CE49: =IF(AND(CC48<0,CC49>=0),CA49,"") | CF49: 24 | CG49: =IF(CF49<$W$171,IF(CF49<$W$194,-$W$196/2+CF49*$W$196/($W$194-1),IF(CF49<2*$W$194,-$W$196/2+(CF49-$W$194)*$W$196/($W$194-1),IF(CF49<2*$W$194+$W$195-2,-$W$196/2,$W$196/2)))/$W$193,NA()) -> #N/A | CH49: =IF(CF49<$W$171,IF(CF49<$W$194,-$W$197/2,IF(CF49<2*$W$194,$W$197/2,IF(CF49<2*$W$194+$W$195-2,-$W$197/2+(CF49-2*$W$194+1)*$W$197/($W$195-1),-$W$197/2+(CF49-2*$W$194-($W$195-2)+1)*$W$197/($W$195-1))))/$W$193,NA()) -> #N/A
A50: hef' = | B50: =$W$70 -> 43.333333 | C50: cm | D50: Nb = | E50: =$W$78 -> 399.43679 | F50: kN | G50: Nb = 10·√f'c·hef'^1.5 | V50: washer D | W50: ='2-Anchor Bolt'!$C$15 -> 8 | CA50: 10 | CB50: =2*$W$142*CA50/200 -> 8 | CC50: =0.447*$W$45*$W$143*MIN(0.8*CB50,$W$142)+SUMPRODUCT($BO$25:$BO$36,(ABS((2000000*0.003*(CB50-$BN$25:$BN$36)/CB50)+$W$146)-ABS((2000000*0.003*(CB50-$BN$25:$BN$36)/CB50)-$W$146))/2)-$W$139*1000 -> -64348.232 | CD50: =(0.447*$W$45*$W$143*MIN(0.8*CB50,$W$142)*($W$142/2-MIN(0.8*CB50,$W$142)/2)+SUMPRODUCT($BO$25:$BO$36,(ABS((2000000*0.003*(CB50-$BN$25:$BN$36)/CB50)+$W$146)-ABS((2000000*0.003*(CB50-$BN$25:$BN$36)/CB50)-$W$146))/2,($W$142/2-$BN$25:$BN$36)))/100000 -> 31.934127 | CE50: =IF(AND(CC49<0,CC50>=0),CA50,"") | CF50: 25 | CG50: =IF(CF50<$W$171,IF(CF50<$W$194,-$W$196/2+CF50*$W$196/($W$194-1),IF(CF50<2*$W$194,-$W$196/2+(CF50-$W$194)*$W$196/($W$194-1),IF(CF50<2*$W$194+$W$195-2,-$W$196/2,$W$196/2)))/$W$193,NA()) -> #N/A | CH50: =IF(CF50<$W$171,IF(CF50<$W$194,-$W$197/2,IF(CF50<2*$W$194,$W$197/2,IF(CF50<2*$W$194+$W$195-2,-$W$197/2+(CF50-2*$W$194+1)*$W$197/($W$195-1),-$W$197/2+(CF50-2*$W$194-($W$195-2)+1)*$W$197/($W$195-1))))/$W$193,NA()) -> #N/A
A51: ANc = | B51: =$W$71 -> 4800 | C51: cm2 | D51: ANco = | E51: =$W$72 -> 16900 | F51: cm2 | G51: ANco = 9·hef'² | V51: reinforced? | W51: =$C$8="Reinforced" -> 1 | CA51: 11 | CB51: =2*$W$142*CA51/200 -> 8.8 | CC51: =0.447*$W$45*$W$143*MIN(0.8*CB51,$W$142)+SUMPRODUCT($BO$25:$BO$36,(ABS((2000000*0.003*(CB51-$BN$25:$BN$36)/CB51)+$W$146)-ABS((2000000*0.003*(CB51-$BN$25:$BN$36)/CB51)-$W$146))/2)-$W$139*1000 -> -54463.855 | CD51: =(0.447*$W$45*$W$143*MIN(0.8*CB51,$W$142)*($W$142/2-MIN(0.8*CB51,$W$142)/2)+SUMPRODUCT($BO$25:$BO$36,(ABS((2000000*0.003*(CB51-$BN$25:$BN$36)/CB51)+$W$146)-ABS((2000000*0.003*(CB51-$BN$25:$BN$36)/CB51)-$W$146))/2,($W$142/2-$BN$25:$BN$36)))/100000 -> 35.219173 | CE51: =IF(AND(CC50<0,CC51>=0),CA51,"") | CF51: 26 | CG51: =IF(CF51<$W$171,IF(CF51<$W$194,-$W$196/2+CF51*$W$196/($W$194-1),IF(CF51<2*$W$194,-$W$196/2+(CF51-$W$194)*$W$196/($W$194-1),IF(CF51<2*$W$194+$W$195-2,-$W$196/2,$W$196/2)))/$W$193,NA()) -> #N/A | CH51: =IF(CF51<$W$171,IF(CF51<$W$194,-$W$197/2,IF(CF51<2*$W$194,$W$197/2,IF(CF51<2*$W$194+$W$195-2,-$W$197/2+(CF51-2*$W$194+1)*$W$197/($W$195-1),-$W$197/2+(CF51-2*$W$194-($W$195-2)+1)*$W$197/($W$195-1))))/$W$193,NA()) -> #N/A
A52: ψed = | B52: =$W$74 -> 0.76923077 | D52: ψec = | E52: =$W$77 -> 1 | G52: 0.7+0.3·c/1.5hef' ; 1/(1+e'N/1.5hef') | V52: phi | W52: =IF($W$51,0.75,0.7) -> 0.75 | CA52: 12 | CB52: =2*$W$142*CA52/200 -> 9.6 | CC52: =0.447*$W$45*$W$143*MIN(0.8*CB52,$W$142)+SUMPRODUCT($BO$25:$BO$36,(ABS((2000000*0.003*(CB52-$BN$25:$BN$36)/CB52)+$W$146)-ABS((2000000*0.003*(CB52-$BN$25:$BN$36)/CB52)-$W$146))/2)-$W$139*1000 -> -45511.674 | CD52: =(0.447*$W$45*$W$143*MIN(0.8*CB52,$W$142)*($W$142/2-MIN(0.8*CB52,$W$142)/2)+SUMPRODUCT($BO$25:$BO$36,(ABS((2000000*0.003*(CB52-$BN$25:$BN$36)/CB52)+$W$146)-ABS((2000000*0.003*(CB52-$BN$25:$BN$36)/CB52)-$W$146))/2,($W$142/2-$BN$25:$BN$36)))/100000 -> 38.167266 | CE52: =IF(AND(CC51<0,CC52>=0),CA52,"") | CF52: 27 | CG52: =IF(CF52<$W$171,IF(CF52<$W$194,-$W$196/2+CF52*$W$196/($W$194-1),IF(CF52<2*$W$194,-$W$196/2+(CF52-$W$194)*$W$196/($W$194-1),IF(CF52<2*$W$194+$W$195-2,-$W$196/2,$W$196/2)))/$W$193,NA()) -> #N/A | CH52: =IF(CF52<$W$171,IF(CF52<$W$194,-$W$197/2,IF(CF52<2*$W$194,$W$197/2,IF(CF52<2*$W$194+$W$195-2,-$W$197/2+(CF52-2*$W$194+1)*$W$197/($W$195-1),-$W$197/2+(CF52-2*$W$194-($W$195-2)+1)*$W$197/($W$195-1))))/$W$193,NA()) -> #N/A
A53: Capacity = | C53: =$W$80 -> 43.634424 | D53: kN | E53: =IF($W$80>=$W$81,"> ","< ")&TEXT($W$81,"0.0")&" kN" -> < 87.3 kN | F53: =$W$82 -> By Rft. | G53: =IF($W$51,"φ = 0.75 (with rft)","φ = 0.70 (plain)")&" ; Σ(T+Q) of bolts in tension" -> φ = 0.75 (with rft) ; Σ(T+Q) of bolts in tension | V53: ASD divisor | W53: =IF($W$40,1.5,1) -> 1.5 | CA53: 13 | CB53: =2*$W$142*CA53/200 -> 10.4 | CC53: =0.447*$W$45*$W$143*MIN(0.8*CB53,$W$142)+SUMPRODUCT($BO$25:$BO$36,(ABS((2000000*0.003*(CB53-$BN$25:$BN$36)/CB53)+$W$146)-ABS((2000000*0.003*(CB53-$BN$25:$BN$36)/CB53)-$W$146))/2)-$W$139*1000 -> -37276.566 | CD53: =(0.447*$W$45*$W$143*MIN(0.8*CB53,$W$142)*($W$142/2-MIN(0.8*CB53,$W$142)/2)+SUMPRODUCT($BO$25:$BO$36,(ABS((2000000*0.003*(CB53-$BN$25:$BN$36)/CB53)+$W$146)-ABS((2000000*0.003*(CB53-$BN$25:$BN$36)/CB53)-$W$146))/2,($W$142/2-$BN$25:$BN$36)))/100000 -> 40.849827 | CE53: =IF(AND(CC52<0,CC53>=0),CA53,"") | CF53: 28 | CG53: =IF(CF53<$W$171,IF(CF53<$W$194,-$W$196/2+CF53*$W$196/($W$194-1),IF(CF53<2*$W$194,-$W$196/2+(CF53-$W$194)*$W$196/($W$194-1),IF(CF53<2*$W$194+$W$195-2,-$W$196/2,$W$196/2)))/$W$193,NA()) -> #N/A | CH53: =IF(CF53<$W$171,IF(CF53<$W$194,-$W$197/2,IF(CF53<2*$W$194,$W$197/2,IF(CF53<2*$W$194+$W$195-2,-$W$197/2+(CF53-2*$W$194+1)*$W$197/($W$195-1),-$W$197/2+(CF53-2*$W$194-($W$195-2)+1)*$W$197/($W$195-1))))/$W$193,NA()) -> #N/A
V54: fy kg/cm2 | W54: =IF($F$8="36/52",3600,IF($F$8="40/60",4000,2400)) -> 3600 | CA54: 14 | CB54: =2*$W$142*CA54/200 -> 11.2 | CC54: =0.447*$W$45*$W$143*MIN(0.8*CB54,$W$142)+SUMPRODUCT($BO$25:$BO$36,(ABS((2000000*0.003*(CB54-$BN$25:$BN$36)/CB54)+$W$146)-ABS((2000000*0.003*(CB54-$BN$25:$BN$36)/CB54)-$W$146))/2)-$W$139*1000 -> -29604.875 | CD54: =(0.447*$W$45*$W$143*MIN(0.8*CB54,$W$142)*($W$142/2-MIN(0.8*CB54,$W$142)/2)+SUMPRODUCT($BO$25:$BO$36,(ABS((2000000*0.003*(CB54-$BN$25:$BN$36)/CB54)+$W$146)-ABS((2000000*0.003*(CB54-$BN$25:$BN$36)/CB54)-$W$146))/2,($W$142/2-$BN$25:$BN$36)))/100000 -> 43.317871 | CE54: =IF(AND(CC53<0,CC54>=0),CA54,"") | CF54: 29 | CG54: =IF(CF54<$W$171,IF(CF54<$W$194,-$W$196/2+CF54*$W$196/($W$194-1),IF(CF54<2*$W$194,-$W$196/2+(CF54-$W$194)*$W$196/($W$194-1),IF(CF54<2*$W$194+$W$195-2,-$W$196/2,$W$196/2)))/$W$193,NA()) -> #N/A | CH54: =IF(CF54<$W$171,IF(CF54<$W$194,-$W$197/2,IF(CF54<2*$W$194,$W$197/2,IF(CF54<2*$W$194+$W$195-2,-$W$197/2+(CF54-2*$W$194+1)*$W$197/($W$195-1),-$W$197/2+(CF54-2*$W$194-($W$195-2)+1)*$W$197/($W$195-1))))/$W$193,NA()) -> #N/A
A55: Side-Face Blowout: | D55: Nsb = 13 · ca1 · √Abrg · √f'c · (1 + ca2/ca1) / 4 | V55: n bolts | W55: ='1-Base Plate'!$W$77 -> 4 | CA55: 15 | CB55: =2*$W$142*CA55/200 -> 12 | CC55: =0.447*$W$45*$W$143*MIN(0.8*CB55,$W$142)+SUMPRODUCT($BO$25:$BO$36,(ABS((2000000*0.003*(CB55-$BN$25:$BN$36)/CB55)+$W$146)-ABS((2000000*0.003*(CB55-$BN$25:$BN$36)/CB55)-$W$146))/2)-$W$139*1000 -> -22383.915 | CD55: =(0.447*$W$45*$W$143*MIN(0.8*CB55,$W$142)*($W$142/2-MIN(0.8*CB55,$W$142)/2)+SUMPRODUCT($BO$25:$BO$36,(ABS((2000000*0.003*(CB55-$BN$25:$BN$36)/CB55)+$W$146)-ABS((2000000*0.003*(CB55-$BN$25:$BN$36)/CB55)-$W$146))/2,($W$142/2-$BN$25:$BN$36)))/100000 -> 45.608808 | CE55: =IF(AND(CC54<0,CC55>=0),CA55,"") | CF55: 30 | CG55: =IF(CF55<$W$171,IF(CF55<$W$194,-$W$196/2+CF55*$W$196/($W$194-1),IF(CF55<2*$W$194,-$W$196/2+(CF55-$W$194)*$W$196/($W$194-1),IF(CF55<2*$W$194+$W$195-2,-$W$196/2,$W$196/2)))/$W$193,NA()) -> #N/A | CH55: =IF(CF55<$W$171,IF(CF55<$W$194,-$W$197/2,IF(CF55<2*$W$194,$W$197/2,IF(CF55<2*$W$194+$W$195-2,-$W$197/2+(CF55-2*$W$194+1)*$W$197/($W$195-1),-$W$197/2+(CF55-2*$W$194-($W$195-2)+1)*$W$197/($W$195-1))))/$W$193,NA()) -> #N/A
A56: ca1 = | B56: =$W$86 -> 15 | C56: cm | D56: ca2 = | E56: =$W$87 -> 20 | F56: cm | G56: only when hef > 2.5·ca1 | V56: n tension | W56: =COUNTIF($Z$25:$Z$36,TRUE) -> 2 | CA56: 16 | CB56: =2*$W$142*CA56/200 -> 12.8 | CC56: =0.447*$W$45*$W$143*MIN(0.8*CB56,$W$142)+SUMPRODUCT($BO$25:$BO$36,(ABS((2000000*0.003*(CB56-$BN$25:$BN$36)/CB56)+$W$146)-ABS((2000000*0.003*(CB56-$BN$25:$BN$36)/CB56)-$W$146))/2)-$W$139*1000 -> -15529.176 | CD56: =(0.447*$W$45*$W$143*MIN(0.8*CB56,$W$142)*($W$142/2-MIN(0.8*CB56,$W$142)/2)+SUMPRODUCT($BO$25:$BO$36,(ABS((2000000*0.003*(CB56-$BN$25:$BN$36)/CB56)+$W$146)-ABS((2000000*0.003*(CB56-$BN$25:$BN$36)/CB56)-$W$146))/2,($W$142/2-$BN$25:$BN$36)))/100000 -> 47.750696 | CE56: =IF(AND(CC55<0,CC56>=0),CA56,"") | CF56: 31 | CG56: =IF(CF56<$W$171,IF(CF56<$W$194,-$W$196/2+CF56*$W$196/($W$194-1),IF(CF56<2*$W$194,-$W$196/2+(CF56-$W$194)*$W$196/($W$194-1),IF(CF56<2*$W$194+$W$195-2,-$W$196/2,$W$196/2)))/$W$193,NA()) -> #N/A | CH56: =IF(CF56<$W$171,IF(CF56<$W$194,-$W$197/2,IF(CF56<2*$W$194,$W$197/2,IF(CF56<2*$W$194+$W$195-2,-$W$197/2+(CF56-2*$W$194+1)*$W$197/($W$195-1),-$W$197/2+(CF56-2*$W$194-($W$195-2)+1)*$W$197/($W$195-1))))/$W$193,NA()) -> #N/A
A57: Capacity = | C57: =IF($W$83>0,$W$88,"-") -> 165.52462 | D57: kN | E57: =IF($W$83>0,IF($W$84<=1,"> ","< ")&TEXT($W$89,"0.0")&" kN","hef ≤ 2.5 ca1") -> > 43.7 kN | F57: =$W$90 -> Safe | V57: sum T+Q | W57: =SUM($Y$25:$Y$36) -> 8.899536 | CA57: 17 | CB57: =2*$W$142*CA57/200 -> 13.6 | CC57: =0.447*$W$45*$W$143*MIN(0.8*CB57,$W$142)+SUMPRODUCT($BO$25:$BO$36,(ABS((2000000*0.003*(CB57-$BN$25:$BN$36)/CB57)+$W$146)-ABS((2000000*0.003*(CB57-$BN$25:$BN$36)/CB57)-$W$146))/2)-$W$139*1000 -> -7883.8152 | CD57: =(0.447*$W$45*$W$143*MIN(0.8*CB57,$W$142)*($W$142/2-MIN(0.8*CB57,$W$142)/2)+SUMPRODUCT($BO$25:$BO$36,(ABS((2000000*0.003*(CB57-$BN$25:$BN$36)/CB57)+$W$146)-ABS((2000000*0.003*(CB57-$BN$25:$BN$36)/CB57)-$W$146))/2,($W$142/2-$BN$25:$BN$36)))/100000 -> 49.98256 | CE57: =IF(AND(CC56<0,CC57>=0),CA57,"") | CF57: 32 | CG57: =IF(CF57<$W$171,IF(CF57<$W$194,-$W$196/2+CF57*$W$196/($W$194-1),IF(CF57<2*$W$194,-$W$196/2+(CF57-$W$194)*$W$196/($W$194-1),IF(CF57<2*$W$194+$W$195-2,-$W$196/2,$W$196/2)))/$W$193,NA()) -> #N/A | CH57: =IF(CF57<$W$171,IF(CF57<$W$194,-$W$197/2,IF(CF57<2*$W$194,$W$197/2,IF(CF57<2*$W$194+$W$195-2,-$W$197/2+(CF57-2*$W$194+1)*$W$197/($W$195-1),-$W$197/2+(CF57-2*$W$194-($W$195-2)+1)*$W$197/($W$195-1))))/$W$193,NA()) -> #N/A
V58: max T+Q | W58: =MAX($Y$25:$Y$36) -> 4.449768 | CA58: 18 | CB58: =2*$W$142*CA58/200 -> 14.4 | CC58: =0.447*$W$45*$W$143*MIN(0.8*CB58,$W$142)+SUMPRODUCT($BO$25:$BO$36,(ABS((2000000*0.003*(CB58-$BN$25:$BN$36)/CB58)+$W$146)-ABS((2000000*0.003*(CB58-$BN$25:$BN$36)/CB58)-$W$146))/2)-$W$139*1000 -> -40.006861 | CD58: =(0.447*$W$45*$W$143*MIN(0.8*CB58,$W$142)*($W$142/2-MIN(0.8*CB58,$W$142)/2)+SUMPRODUCT($BO$25:$BO$36,(ABS((2000000*0.003*(CB58-$BN$25:$BN$36)/CB58)+$W$146)-ABS((2000000*0.003*(CB58-$BN$25:$BN$36)/CB58)-$W$146))/2,($W$142/2-$BN$25:$BN$36)))/100000 -> 52.13507 | CE58: =IF(AND(CC57<0,CC58>=0),CA58,"") | CF58: 33 | CG58: =IF(CF58<$W$171,IF(CF58<$W$194,-$W$196/2+CF58*$W$196/($W$194-1),IF(CF58<2*$W$194,-$W$196/2+(CF58-$W$194)*$W$196/($W$194-1),IF(CF58<2*$W$194+$W$195-2,-$W$196/2,$W$196/2)))/$W$193,NA()) -> #N/A | CH58: =IF(CF58<$W$171,IF(CF58<$W$194,-$W$197/2,IF(CF58<2*$W$194,$W$197/2,IF(CF58<2*$W$194+$W$195-2,-$W$197/2+(CF58-2*$W$194+1)*$W$197/($W$195-1),-$W$197/2+(CF58-2*$W$194-($W$195-2)+1)*$W$197/($W$195-1))))/$W$193,NA()) -> #N/A
A59: Breakout in Shear: | D59: φVcbg = φ · (Avc / Avco) · ψed · ψc · ψh · Vb | V59: x min t | W59: =IF($W$56>0,MIN($AA$25:$AA$36),0) -> -25 | CA59: 19 | CB59: =2*$W$142*CA59/200 -> 15.2 | CC59: =0.447*$W$45*$W$143*MIN(0.8*CB59,$W$142)+SUMPRODUCT($BO$25:$BO$36,(ABS((2000000*0.003*(CB59-$BN$25:$BN$36)/CB59)+$W$146)-ABS((2000000*0.003*(CB59-$BN$25:$BN$36)/CB59)-$W$146))/2)-$W$139*1000 -> 6021.9491 | CD59: =(0.447*$W$45*$W$143*MIN(0.8*CB59,$W$142)*($W$142/2-MIN(0.8*CB59,$W$142)/2)+SUMPRODUCT($BO$25:$BO$36,(ABS((2000000*0.003*(CB59-$BN$25:$BN$36)/CB59)+$W$146)-ABS((2000000*0.003*(CB59-$BN$25:$BN$36)/CB59)-$W$146))/2,($W$142/2-$BN$25:$BN$36)))/100000 -> 53.696207 | CE59: =IF(AND(CC58<0,CC59>=0),CA59,"") -> 19 | CF59: 34 | CG59: =IF(CF59<$W$171,IF(CF59<$W$194,-$W$196/2+CF59*$W$196/($W$194-1),IF(CF59<2*$W$194,-$W$196/2+(CF59-$W$194)*$W$196/($W$194-1),IF(CF59<2*$W$194+$W$195-2,-$W$196/2,$W$196/2)))/$W$193,NA()) -> #N/A | CH59: =IF(CF59<$W$171,IF(CF59<$W$194,-$W$197/2,IF(CF59<2*$W$194,$W$197/2,IF(CF59<2*$W$194+$W$195-2,-$W$197/2+(CF59-2*$W$194+1)*$W$197/($W$195-1),-$W$197/2+(CF59-2*$W$194-($W$195-2)+1)*$W$197/($W$195-1))))/$W$193,NA()) -> #N/A
D60: Vb = min[ 0.6·(le/da)^0.2·√da , 3.7 ] · √f'c · ca1^1.5 | V60: x max t | W60: =IF($W$56>0,MAX($AA$25:$AA$36),0) -> -25 | CA60: 20 | CB60: =2*$W$142*CA60/200 -> 16 | CC60: =0.447*$W$45*$W$143*MIN(0.8*CB60,$W$142)+SUMPRODUCT($BO$25:$BO$36,(ABS((2000000*0.003*(CB60-$BN$25:$BN$36)/CB60)+$W$146)-ABS((2000000*0.003*(CB60-$BN$25:$BN$36)/CB60)-$W$146))/2)-$W$139*1000 -> 11906.829 | CD60: =(0.447*$W$45*$W$143*MIN(0.8*CB60,$W$142)*($W$142/2-MIN(0.8*CB60,$W$142)/2)+SUMPRODUCT($BO$25:$BO$36,(ABS((2000000*0.003*(CB60-$BN$25:$BN$36)/CB60)+$W$146)-ABS((2000000*0.003*(CB60-$BN$25:$BN$36)/CB60)-$W$146))/2,($W$142/2-$BN$25:$BN$36)))/100000 -> 55.194606 | CE60: =IF(AND(CC59<0,CC60>=0),CA60,"") | CF60: 35 | CG60: =IF(CF60<$W$171,IF(CF60<$W$194,-$W$196/2+CF60*$W$196/($W$194-1),IF(CF60<2*$W$194,-$W$196/2+(CF60-$W$194)*$W$196/($W$194-1),IF(CF60<2*$W$194+$W$195-2,-$W$196/2,$W$196/2)))/$W$193,NA()) -> #N/A | CH60: =IF(CF60<$W$171,IF(CF60<$W$194,-$W$197/2,IF(CF60<2*$W$194,$W$197/2,IF(CF60<2*$W$194+$W$195-2,-$W$197/2+(CF60-2*$W$194+1)*$W$197/($W$195-1),-$W$197/2+(CF60-2*$W$194-($W$195-2)+1)*$W$197/($W$195-1))))/$W$193,NA()) -> #N/A
A61: Direction | B61: ca1 (cm) | C61: Avc/Avco | D61: ψed | E61: Vb (kN) | F61: φVcbg (kN) | G61: V (kN) | I61: Check | V61: y min t | W61: =IF($W$56>0,MIN($AB$25:$AB$36),0) -> -10 | CA61: 21 | CB61: =2*$W$142*CA61/200 -> 16.8 | CC61: =0.447*$W$45*$W$143*MIN(0.8*CB61,$W$142)+SUMPRODUCT($BO$25:$BO$36,(ABS((2000000*0.003*(CB61-$BN$25:$BN$36)/CB61)+$W$146)-ABS((2000000*0.003*(CB61-$BN$25:$BN$36)/CB61)-$W$146))/2)-$W$139*1000 -> 17639.931 | CD61: =(0.447*$W$45*$W$143*MIN(0.8*CB61,$W$142)*($W$142/2-MIN(0.8*CB61,$W$142)/2)+SUMPRODUCT($BO$25:$BO$36,(ABS((2000000*0.003*(CB61-$BN$25:$BN$36)/CB61)+$W$146)-ABS((2000000*0.003*(CB61-$BN$25:$BN$36)/CB61)-$W$146))/2,($W$142/2-$BN$25:$BN$36)))/100000 -> 56.635307 | CE61: =IF(AND(CC60<0,CC61>=0),CA61,"") | CF61: 36 | CG61: =IF(CF61<$W$171,IF(CF61<$W$194,-$W$196/2+CF61*$W$196/($W$194-1),IF(CF61<2*$W$194,-$W$196/2+(CF61-$W$194)*$W$196/($W$194-1),IF(CF61<2*$W$194+$W$195-2,-$W$196/2,$W$196/2)))/$W$193,NA()) -> #N/A | CH61: =IF(CF61<$W$171,IF(CF61<$W$194,-$W$197/2,IF(CF61<2*$W$194,$W$197/2,IF(CF61<2*$W$194+$W$195-2,-$W$197/2+(CF61-2*$W$194+1)*$W$197/($W$195-1),-$W$197/2+(CF61-2*$W$194-($W$195-2)+1)*$W$197/($W$195-1))))/$W$193,NA()) -> #N/A
A62: Shear X | B62: =$W$116 -> 15 | C62: =$W$117/$W$118 -> 1.3333333 | D62: =$W$119 -> 0.96666667 | E62: =$W$121 -> 30.099101 | F62: =$W$123 -> 23.276638 | G62: =$W$124 -> 29.43 | I62: =$W$125 -> By Rft. | V62: y max t | W62: =IF($W$56>0,MAX($AB$25:$AB$36),0) -> 10 | CA62: 22 | CB62: =2*$W$142*CA62/200 -> 17.6 | CC62: =0.447*$W$45*$W$143*MIN(0.8*CB62,$W$142)+SUMPRODUCT($BO$25:$BO$36,(ABS((2000000*0.003*(CB62-$BN$25:$BN$36)/CB62)+$W$146)-ABS((2000000*0.003*(CB62-$BN$25:$BN$36)/CB62)-$W$146))/2)-$W$139*1000 -> 23241.95 | CD62: =(0.447*$W$45*$W$143*MIN(0.8*CB62,$W$142)*($W$142/2-MIN(0.8*CB62,$W$142)/2)+SUMPRODUCT($BO$25:$BO$36,(ABS((2000000*0.003*(CB62-$BN$25:$BN$36)/CB62)+$W$146)-ABS((2000000*0.003*(CB62-$BN$25:$BN$36)/CB62)-$W$146))/2,($W$142/2-$BN$25:$BN$36)))/100000 -> 58.022433 | CE62: =IF(AND(CC61<0,CC62>=0),CA62,"") | CF62: 37 | CG62: =IF(CF62<$W$171,IF(CF62<$W$194,-$W$196/2+CF62*$W$196/($W$194-1),IF(CF62<2*$W$194,-$W$196/2+(CF62-$W$194)*$W$196/($W$194-1),IF(CF62<2*$W$194+$W$195-2,-$W$196/2,$W$196/2)))/$W$193,NA()) -> #N/A | CH62: =IF(CF62<$W$171,IF(CF62<$W$194,-$W$197/2,IF(CF62<2*$W$194,$W$197/2,IF(CF62<2*$W$194+$W$195-2,-$W$197/2+(CF62-2*$W$194+1)*$W$197/($W$195-1),-$W$197/2+(CF62-2*$W$194-($W$195-2)+1)*$W$197/($W$195-1))))/$W$193,NA()) -> #N/A
A63: Shear Y | B63: =$W$128 -> 20 | C63: =$W$129/$W$130 -> 1.3333333 | D63: =$W$131 -> 0.85 | E63: =$W$133 -> 46.340598 | F63: =$W$135 -> 31.511606 | G63: =$W$136 -> 9.81 | I63: =$W$137 -> Safe | V63: c left | W63: =$W$43/2+$W$59 -> 15 | CA63: 23 | CB63: =2*$W$142*CA63/200 -> 18.4 | CC63: =0.447*$W$45*$W$143*MIN(0.8*CB63,$W$142)+SUMPRODUCT($BO$25:$BO$36,(ABS((2000000*0.003*(CB63-$BN$25:$BN$36)/CB63)+$W$146)-ABS((2000000*0.003*(CB63-$BN$25:$BN$36)/CB63)-$W$146))/2)-$W$139*1000 -> 28729.985 | CD63: =(0.447*$W$45*$W$143*MIN(0.8*CB63,$W$142)*($W$142/2-MIN(0.8*CB63,$W$142)/2)+SUMPRODUCT($BO$25:$BO$36,(ABS((2000000*0.003*(CB63-$BN$25:$BN$36)/CB63)+$W$146)-ABS((2000000*0.003*(CB63-$BN$25:$BN$36)/CB63)-$W$146))/2,($W$142/2-$BN$25:$BN$36)))/100000 -> 59.35939 | CE63: =IF(AND(CC62<0,CC63>=0),CA63,"") | CF63: 38 | CG63: =IF(CF63<$W$171,IF(CF63<$W$194,-$W$196/2+CF63*$W$196/($W$194-1),IF(CF63<2*$W$194,-$W$196/2+(CF63-$W$194)*$W$196/($W$194-1),IF(CF63<2*$W$194+$W$195-2,-$W$196/2,$W$196/2)))/$W$193,NA()) -> #N/A | CH63: =IF(CF63<$W$171,IF(CF63<$W$194,-$W$197/2,IF(CF63<2*$W$194,$W$197/2,IF(CF63<2*$W$194+$W$195-2,-$W$197/2+(CF63-2*$W$194+1)*$W$197/($W$195-1),-$W$197/2+(CF63-2*$W$194-($W$195-2)+1)*$W$197/($W$195-1))))/$W$193,NA()) -> #N/A
A64: =IF($W$51,"ψc,V = 1.2 (edge bars), φ = 0.75","ψc,V = 1.0, φ = 0.70")&" ; ψh = √(1.5·ca1/H) ≥ 1 ; le = min(hef, 8da) ; all shear on the front row" -> ψc,V = 1.2 (edge bars), φ = 0.75 ; ψh = √(1.5·ca1/H) ≥ 1 ; le = min(hef, 8da) ; all shear on the front row | V64: c right | W64: =$W$43/2-$W$60 -> 65 | CA64: 24 | CB64: =2*$W$142*CA64/200 -> 19.2 | CC64: =0.447*$W$45*$W$143*MIN(0.8*CB64,$W$142)+SUMPRODUCT($BO$25:$BO$36,(ABS((2000000*0.003*(CB64-$BN$25:$BN$36)/CB64)+$W$146)-ABS((2000000*0.003*(CB64-$BN$25:$BN$36)/CB64)-$W$146))/2)-$W$139*1000 -> 34118.284 | CD64: =(0.447*$W$45*$W$143*MIN(0.8*CB64,$W$142)*($W$142/2-MIN(0.8*CB64,$W$142)/2)+SUMPRODUCT($BO$25:$BO$36,(ABS((2000000*0.003*(CB64-$BN$25:$BN$36)/CB64)+$W$146)-ABS((2000000*0.003*(CB64-$BN$25:$BN$36)/CB64)-$W$146))/2,($W$142/2-$BN$25:$BN$36)))/100000 -> 60.649016 | CE64: =IF(AND(CC63<0,CC64>=0),CA64,"") | CF64: 39 | CG64: =IF(CF64<$W$171,IF(CF64<$W$194,-$W$196/2+CF64*$W$196/($W$194-1),IF(CF64<2*$W$194,-$W$196/2+(CF64-$W$194)*$W$196/($W$194-1),IF(CF64<2*$W$194+$W$195-2,-$W$196/2,$W$196/2)))/$W$193,NA()) -> #N/A | CH64: =IF(CF64<$W$171,IF(CF64<$W$194,-$W$197/2,IF(CF64<2*$W$194,$W$197/2,IF(CF64<2*$W$194+$W$195-2,-$W$197/2+(CF64-2*$W$194+1)*$W$197/($W$195-1),-$W$197/2+(CF64-2*$W$194-($W$195-2)+1)*$W$197/($W$195-1))))/$W$193,NA()) -> #N/A
V65: c bottom | W65: =$W$44/2+$W$61 -> 20 | CA65: 25 | CB65: =2*$W$142*CA65/200 -> 20 | CC65: =0.447*$W$45*$W$143*MIN(0.8*CB65,$W$142)+SUMPRODUCT($BO$25:$BO$36,(ABS((2000000*0.003*(CB65-$BN$25:$BN$36)/CB65)+$W$146)-ABS((2000000*0.003*(CB65-$BN$25:$BN$36)/CB65)-$W$146))/2)-$W$139*1000 -> 39418.815 | CD65: =(0.447*$W$45*$W$143*MIN(0.8*CB65,$W$142)*($W$142/2-MIN(0.8*CB65,$W$142)/2)+SUMPRODUCT($BO$25:$BO$36,(ABS((2000000*0.003*(CB65-$BN$25:$BN$36)/CB65)+$W$146)-ABS((2000000*0.003*(CB65-$BN$25:$BN$36)/CB65)-$W$146))/2,($W$142/2-$BN$25:$BN$36)))/100000 -> 61.893694 | CE65: =IF(AND(CC64<0,CC65>=0),CA65,"") | CF65: 40 | CG65: =IF(CF65<$W$171,IF(CF65<$W$194,-$W$196/2+CF65*$W$196/($W$194-1),IF(CF65<2*$W$194,-$W$196/2+(CF65-$W$194)*$W$196/($W$194-1),IF(CF65<2*$W$194+$W$195-2,-$W$196/2,$W$196/2)))/$W$193,NA()) -> #N/A | CH65: =IF(CF65<$W$171,IF(CF65<$W$194,-$W$197/2,IF(CF65<2*$W$194,$W$197/2,IF(CF65<2*$W$194+$W$195-2,-$W$197/2+(CF65-2*$W$194+1)*$W$197/($W$195-1),-$W$197/2+(CF65-2*$W$194-($W$195-2)+1)*$W$197/($W$195-1))))/$W$193,NA()) -> #N/A
A66: Pryout: | D66: φVcpg = φ · kcp · Ncpg , kcp = 2 , φ = 0.70 | V66: c top | W66: =$W$44/2-$W$62 -> 20 | CA66: 26 | CB66: =2*$W$142*CA66/200 -> 20.8 | CC66: =0.447*$W$45*$W$143*MIN(0.8*CB66,$W$142)+SUMPRODUCT($BO$25:$BO$36,(ABS((2000000*0.003*(CB66-$BN$25:$BN$36)/CB66)+$W$146)-ABS((2000000*0.003*(CB66-$BN$25:$BN$36)/CB66)-$W$146))/2)-$W$139*1000 -> 44641.705 | CD66: =(0.447*$W$45*$W$143*MIN(0.8*CB66,$W$142)*($W$142/2-MIN(0.8*CB66,$W$142)/2)+SUMPRODUCT($BO$25:$BO$36,(ABS((2000000*0.003*(CB66-$BN$25:$BN$36)/CB66)+$W$146)-ABS((2000000*0.003*(CB66-$BN$25:$BN$36)/CB66)-$W$146))/2,($W$142/2-$BN$25:$BN$36)))/100000 -> 63.095443 | CE66: =IF(AND(CC65<0,CC66>=0),CA66,"") | CF66: 41 | CG66: =IF(CF66<$W$171,IF(CF66<$W$194,-$W$196/2+CF66*$W$196/($W$194-1),IF(CF66<2*$W$194,-$W$196/2+(CF66-$W$194)*$W$196/($W$194-1),IF(CF66<2*$W$194+$W$195-2,-$W$196/2,$W$196/2)))/$W$193,NA()) -> #N/A | CH66: =IF(CF66<$W$171,IF(CF66<$W$194,-$W$197/2,IF(CF66<2*$W$194,$W$197/2,IF(CF66<2*$W$194+$W$195-2,-$W$197/2+(CF66-2*$W$194+1)*$W$197/($W$195-1),-$W$197/2+(CF66-2*$W$194-($W$195-2)+1)*$W$197/($W$195-1))))/$W$193,NA()) -> #N/A
A67: Ncpg = | B67: =$W$108 -> 152.84699 | C67: kN | D67: ΣV = | E67: =$W$110 -> 31.021944 | F67: kN | G67: Ncpg = breakout of all bolts | V67: faces < 1.5hef | W67: =($W$63<1.5*$W$47)+($W$64<1.5*$W$47)+($W$65<1.5*$W$47)+($W$66<1.5*$W$47) -> 4 | CA67: 27 | CB67: =2*$W$142*CA67/200 -> 21.6 | CC67: =0.447*$W$45*$W$143*MIN(0.8*CB67,$W$142)+SUMPRODUCT($BO$25:$BO$36,(ABS((2000000*0.003*(CB67-$BN$25:$BN$36)/CB67)+$W$146)-ABS((2000000*0.003*(CB67-$BN$25:$BN$36)/CB67)-$W$146))/2)-$W$139*1000 -> 49795.581 | CD67: =(0.447*$W$45*$W$143*MIN(0.8*CB67,$W$142)*($W$142/2-MIN(0.8*CB67,$W$142)/2)+SUMPRODUCT($BO$25:$BO$36,(ABS((2000000*0.003*(CB67-$BN$25:$BN$36)/CB67)+$W$146)-ABS((2000000*0.003*(CB67-$BN$25:$BN$36)/CB67)-$W$146))/2,($W$142/2-$BN$25:$BN$36)))/100000 -> 64.255981 | CE67: =IF(AND(CC66<0,CC67>=0),CA67,"") | CF67: 42 | CG67: =IF(CF67<$W$171,IF(CF67<$W$194,-$W$196/2+CF67*$W$196/($W$194-1),IF(CF67<2*$W$194,-$W$196/2+(CF67-$W$194)*$W$196/($W$194-1),IF(CF67<2*$W$194+$W$195-2,-$W$196/2,$W$196/2)))/$W$193,NA()) -> #N/A | CH67: =IF(CF67<$W$171,IF(CF67<$W$194,-$W$197/2,IF(CF67<2*$W$194,$W$197/2,IF(CF67<2*$W$194+$W$195-2,-$W$197/2+(CF67-2*$W$194+1)*$W$197/($W$195-1),-$W$197/2+(CF67-2*$W$194-($W$195-2)+1)*$W$197/($W$195-1))))/$W$193,NA()) -> #N/A
A68: Capacity = | C68: =$W$109 -> 142.65719 | D68: kN | E68: =IF($W$109>=$W$110,"> ","< ")&TEXT($W$110,"0.0")&" kN" -> > 31.0 kN | F68: =$W$111 -> Safe | V68: ca,max | W68: =MAX(IF($W$63<1.5*$W$47,$W$63,0),IF($W$64<1.5*$W$47,$W$64,0),IF($W$65<1.5*$W$47,$W$65,0),IF($W$66<1.5*$W$47,$W$66,0)) -> 65 | CA68: 28 | CB68: =2*$W$142*CA68/200 -> 22.4 | CC68: =0.447*$W$45*$W$143*MIN(0.8*CB68,$W$142)+SUMPRODUCT($BO$25:$BO$36,(ABS((2000000*0.003*(CB68-$BN$25:$BN$36)/CB68)+$W$146)-ABS((2000000*0.003*(CB68-$BN$25:$BN$36)/CB68)-$W$146))/2)-$W$139*1000 -> 55670.855 | CD68: =(0.447*$W$45*$W$143*MIN(0.8*CB68,$W$142)*($W$142/2-MIN(0.8*CB68,$W$142)/2)+SUMPRODUCT($BO$25:$BO$36,(ABS((2000000*0.003*(CB68-$BN$25:$BN$36)/CB68)+$W$146)-ABS((2000000*0.003*(CB68-$BN$25:$BN$36)/CB68)-$W$146))/2,($W$142/2-$BN$25:$BN$36)))/100000 -> 65.428772 | CE68: =IF(AND(CC67<0,CC68>=0),CA68,"") | CF68: 43 | CG68: =IF(CF68<$W$171,IF(CF68<$W$194,-$W$196/2+CF68*$W$196/($W$194-1),IF(CF68<2*$W$194,-$W$196/2+(CF68-$W$194)*$W$196/($W$194-1),IF(CF68<2*$W$194+$W$195-2,-$W$196/2,$W$196/2)))/$W$193,NA()) -> #N/A | CH68: =IF(CF68<$W$171,IF(CF68<$W$194,-$W$197/2,IF(CF68<2*$W$194,$W$197/2,IF(CF68<2*$W$194+$W$195-2,-$W$197/2+(CF68-2*$W$194+1)*$W$197/($W$195-1),-$W$197/2+(CF68-2*$W$194-($W$195-2)+1)*$W$197/($W$195-1))))/$W$193,NA()) -> #N/A
V69: s max t | W69: =IF($W$56>1,MAX($AP$25:$BA$36),0) -> 20 | CA69: 29 | CB69: =2*$W$142*CA69/200 -> 23.2 | CC69: =0.447*$W$45*$W$143*MIN(0.8*CB69,$W$142)+SUMPRODUCT($BO$25:$BO$36,(ABS((2000000*0.003*(CB69-$BN$25:$BN$36)/CB69)+$W$146)-ABS((2000000*0.003*(CB69-$BN$25:$BN$36)/CB69)-$W$146))/2)-$W$139*1000 -> 61946.922 | CD69: =(0.447*$W$45*$W$143*MIN(0.8*CB69,$W$142)*($W$142/2-MIN(0.8*CB69,$W$142)/2)+SUMPRODUCT($BO$25:$BO$36,(ABS((2000000*0.003*(CB69-$BN$25:$BN$36)/CB69)+$W$146)-ABS((2000000*0.003*(CB69-$BN$25:$BN$36)/CB69)-$W$146))/2,($W$142/2-$BN$25:$BN$36)))/100000 -> 66.593376 | CE69: =IF(AND(CC68<0,CC69>=0),CA69,"") | CF69: 44 | CG69: =IF(CF69<$W$171,IF(CF69<$W$194,-$W$196/2+CF69*$W$196/($W$194-1),IF(CF69<2*$W$194,-$W$196/2+(CF69-$W$194)*$W$196/($W$194-1),IF(CF69<2*$W$194+$W$195-2,-$W$196/2,$W$196/2)))/$W$193,NA()) -> #N/A | CH69: =IF(CF69<$W$171,IF(CF69<$W$194,-$W$197/2,IF(CF69<2*$W$194,$W$197/2,IF(CF69<2*$W$194+$W$195-2,-$W$197/2+(CF69-2*$W$194+1)*$W$197/($W$195-1),-$W$197/2+(CF69-2*$W$194-($W$195-2)+1)*$W$197/($W$195-1))))/$W$193,NA()) -> #N/A
A70: Tension - Shear Interaction: | D70: Nua / φNn + Vua / φVn ≤ 1.2 (ACI §17.8) | V70: hef' | W70: =IF($W$67>=3,MIN($W$47,MAX($W$68/1.5,$W$69/3)),$W$47) -> 43.333333 | CA70: 30 | CB70: =2*$W$142*CA70/200 -> 24 | CC70: =0.447*$W$45*$W$143*MIN(0.8*CB70,$W$142)+SUMPRODUCT($BO$25:$BO$36,(ABS((2000000*0.003*(CB70-$BN$25:$BN$36)/CB70)+$W$146)-ABS((2000000*0.003*(CB70-$BN$25:$BN$36)/CB70)-$W$146))/2)-$W$139*1000 -> 68090.665 | CD70: =(0.447*$W$45*$W$143*MIN(0.8*CB70,$W$142)*($W$142/2-MIN(0.8*CB70,$W$142)/2)+SUMPRODUCT($BO$25:$BO$36,(ABS((2000000*0.003*(CB70-$BN$25:$BN$36)/CB70)+$W$146)-ABS((2000000*0.003*(CB70-$BN$25:$BN$36)/CB70)-$W$146))/2,($W$142/2-$BN$25:$BN$36)))/100000 -> 67.715127 | CE70: =IF(AND(CC69<0,CC70>=0),CA70,"") | CF70: 45 | CG70: =IF(CF70<$W$171,IF(CF70<$W$194,-$W$196/2+CF70*$W$196/($W$194-1),IF(CF70<2*$W$194,-$W$196/2+(CF70-$W$194)*$W$196/($W$194-1),IF(CF70<2*$W$194+$W$195-2,-$W$196/2,$W$196/2)))/$W$193,NA()) -> #N/A | CH70: =IF(CF70<$W$171,IF(CF70<$W$194,-$W$197/2,IF(CF70<2*$W$194,$W$197/2,IF(CF70<2*$W$194+$W$195-2,-$W$197/2+(CF70-2*$W$194+1)*$W$197/($W$195-1),-$W$197/2+(CF70-2*$W$194-($W$195-2)+1)*$W$197/($W$195-1))))/$W$193,NA()) -> #N/A
A71: Nua/φNn = | B71: =$W$188 -> 0.47031962 | D71: Vua/φVn = | E71: =$W$191 -> 0.35367765 | G71: governing mode (steel/concrete/rft) | V71: ANc | W71: =(MIN($W$63,1.5*$W$70)+$W$60-$W$59+MIN($W$64,1.5*$W$70))*(MIN($W$65,1.5*$W$70)+$W$62-$W$61+MIN($W$66,1.5*$W$70)) -> 4800 | CA71: 31 | CB71: =2*$W$142*CA71/200 -> 24.8 | CC71: =0.447*$W$45*$W$143*MIN(0.8*CB71,$W$142)+SUMPRODUCT($BO$25:$BO$36,(ABS((2000000*0.003*(CB71-$BN$25:$BN$36)/CB71)+$W$146)-ABS((2000000*0.003*(CB71-$BN$25:$BN$36)/CB71)-$W$146))/2)-$W$139*1000 -> 74114.889 | CD71: =(0.447*$W$45*$W$143*MIN(0.8*CB71,$W$142)*($W$142/2-MIN(0.8*CB71,$W$142)/2)+SUMPRODUCT($BO$25:$BO$36,(ABS((2000000*0.003*(CB71-$BN$25:$BN$36)/CB71)+$W$146)-ABS((2000000*0.003*(CB71-$BN$25:$BN$36)/CB71)-$W$146))/2,($W$142/2-$BN$25:$BN$36)))/100000 -> 68.795515 | CE71: =IF(AND(CC70<0,CC71>=0),CA71,"") | CF71: 46 | CG71: =IF(CF71<$W$171,IF(CF71<$W$194,-$W$196/2+CF71*$W$196/($W$194-1),IF(CF71<2*$W$194,-$W$196/2+(CF71-$W$194)*$W$196/($W$194-1),IF(CF71<2*$W$194+$W$195-2,-$W$196/2,$W$196/2)))/$W$193,NA()) -> #N/A | CH71: =IF(CF71<$W$171,IF(CF71<$W$194,-$W$197/2,IF(CF71<2*$W$194,$W$197/2,IF(CF71<2*$W$194+$W$195-2,-$W$197/2+(CF71-2*$W$194+1)*$W$197/($W$195-1),-$W$197/2+(CF71-2*$W$194-($W$195-2)+1)*$W$197/($W$195-1))))/$W$193,NA()) -> #N/A
A72: Sum = | C72: =$W$188+$W$191 -> 0.82399727 | E72: =IF(OR($W$188<=0.2,$W$191<=0.2),"one ratio ≤ 0.2",IF($W$188+$W$191<=1.2,"< 1.2","> 1.2")) -> < 1.2 | F72: =$W$192 -> Safe | V72: ANco | W72: =9*$W$70^2 -> 16900 | CA72: 32 | CB72: =2*$W$142*CA72/200 -> 25.6 | CC72: =0.447*$W$45*$W$143*MIN(0.8*CB72,$W$142)+SUMPRODUCT($BO$25:$BO$36,(ABS((2000000*0.003*(CB72-$BN$25:$BN$36)/CB72)+$W$146)-ABS((2000000*0.003*(CB72-$BN$25:$BN$36)/CB72)-$W$146))/2)-$W$139*1000 -> 80030.799 | CD72: =(0.447*$W$45*$W$143*MIN(0.8*CB72,$W$142)*($W$142/2-MIN(0.8*CB72,$W$142)/2)+SUMPRODUCT($BO$25:$BO$36,(ABS((2000000*0.003*(CB72-$BN$25:$BN$36)/CB72)+$W$146)-ABS((2000000*0.003*(CB72-$BN$25:$BN$36)/CB72)-$W$146))/2,($W$142/2-$BN$25:$BN$36)))/100000 -> 69.835842 | CE72: =IF(AND(CC71<0,CC72>=0),CA72,"") | CF72: 47 | CG72: =IF(CF72<$W$171,IF(CF72<$W$194,-$W$196/2+CF72*$W$196/($W$194-1),IF(CF72<2*$W$194,-$W$196/2+(CF72-$W$194)*$W$196/($W$194-1),IF(CF72<2*$W$194+$W$195-2,-$W$196/2,$W$196/2)))/$W$193,NA()) -> #N/A | CH72: =IF(CF72<$W$171,IF(CF72<$W$194,-$W$197/2,IF(CF72<2*$W$194,$W$197/2,IF(CF72<2*$W$194+$W$195-2,-$W$197/2+(CF72-2*$W$194+1)*$W$197/($W$195-1),-$W$197/2+(CF72-2*$W$194-($W$195-2)+1)*$W$197/($W$195-1))))/$W$193,NA()) -> #N/A
V73: c min t | W73: =MIN($W$63,$W$64,$W$65,$W$66) -> 15 | CA73: 33 | CB73: =2*$W$142*CA73/200 -> 26.4 | CC73: =0.447*$W$45*$W$143*MIN(0.8*CB73,$W$142)+SUMPRODUCT($BO$25:$BO$36,(ABS((2000000*0.003*(CB73-$BN$25:$BN$36)/CB73)+$W$146)-ABS((2000000*0.003*(CB73-$BN$25:$BN$36)/CB73)-$W$146))/2)-$W$139*1000 -> 85848.242 | CD73: =(0.447*$W$45*$W$143*MIN(0.8*CB73,$W$142)*($W$142/2-MIN(0.8*CB73,$W$142)/2)+SUMPRODUCT($BO$25:$BO$36,(ABS((2000000*0.003*(CB73-$BN$25:$BN$36)/CB73)+$W$146)-ABS((2000000*0.003*(CB73-$BN$25:$BN$36)/CB73)-$W$146))/2,($W$142/2-$BN$25:$BN$36)))/100000 -> 70.837253 | CE73: =IF(AND(CC72<0,CC73>=0),CA73,"") | CF73: 48 | CG73: =IF(CF73<$W$171,IF(CF73<$W$194,-$W$196/2+CF73*$W$196/($W$194-1),IF(CF73<2*$W$194,-$W$196/2+(CF73-$W$194)*$W$196/($W$194-1),IF(CF73<2*$W$194+$W$195-2,-$W$196/2,$W$196/2)))/$W$193,NA()) -> #N/A | CH73: =IF(CF73<$W$171,IF(CF73<$W$194,-$W$197/2,IF(CF73<2*$W$194,$W$197/2,IF(CF73<2*$W$194+$W$195-2,-$W$197/2+(CF73-2*$W$194+1)*$W$197/($W$195-1),-$W$197/2+(CF73-2*$W$194-($W$195-2)+1)*$W$197/($W$195-1))))/$W$193,NA()) -> #N/A
A74: Pedestal Section (N + M): | D74: Mus = Mu + Nu·(d − h/2) ; As = (0.447·fcu·b·a − Nu) / (fy/1.15) | V74: psi ed | W74: =IF($W$73>=1.5*$W$70,1,0.7+0.3*$W$73/(1.5*$W$70)) -> 0.76923077 | CA74: 34 | CB74: =2*$W$142*CA74/200 -> 27.2 | CC74: =0.447*$W$45*$W$143*MIN(0.8*CB74,$W$142)+SUMPRODUCT($BO$25:$BO$36,(ABS((2000000*0.003*(CB74-$BN$25:$BN$36)/CB74)+$W$146)-ABS((2000000*0.003*(CB74-$BN$25:$BN$36)/CB74)-$W$146))/2)-$W$139*1000 -> 91575.906 | CD74: =(0.447*$W$45*$W$143*MIN(0.8*CB74,$W$142)*($W$142/2-MIN(0.8*CB74,$W$142)/2)+SUMPRODUCT($BO$25:$BO$36,(ABS((2000000*0.003*(CB74-$BN$25:$BN$36)/CB74)+$W$146)-ABS((2000000*0.003*(CB74-$BN$25:$BN$36)/CB74)-$W$146))/2,($W$142/2-$BN$25:$BN$36)))/100000 -> 71.80076 | CE74: =IF(AND(CC73<0,CC74>=0),CA74,"") | CF74: 49 | CG74: =IF(CF74<$W$171,IF(CF74<$W$194,-$W$196/2+CF74*$W$196/($W$194-1),IF(CF74<2*$W$194,-$W$196/2+(CF74-$W$194)*$W$196/($W$194-1),IF(CF74<2*$W$194+$W$195-2,-$W$196/2,$W$196/2)))/$W$193,NA()) -> #N/A | CH74: =IF(CF74<$W$171,IF(CF74<$W$194,-$W$197/2,IF(CF74<2*$W$194,$W$197/2,IF(CF74<2*$W$194+$W$195-2,-$W$197/2+(CF74-2*$W$194+1)*$W$197/($W$195-1),-$W$197/2+(CF74-2*$W$194-($W$195-2)+1)*$W$197/($W$195-1))))/$W$193,NA()) -> #N/A
A75: Nu = | B75: =IF($W$41,"-",$W$139) -> 30 | C75: ton | D75: Mu base = | E75: =IF($W$41,"-",$W$141) -> 18.75 | F75: t.m | G75: =IF($W$40,"× 1.5 ; Mu = M + V·H","Mu = M + V·H") -> × 1.5 ; Mu = M + V·H | V75: e'N x | W75: =IF($W$56>0,ABS(SUM($AC$25:$AC$36)/$W$57-AVERAGE($AA$25:$AA$36)),0) -> 0 | CA75: 35 | CB75: =2*$W$142*CA75/200 -> 28 | CC75: =0.447*$W$45*$W$143*MIN(0.8*CB75,$W$142)+SUMPRODUCT($BO$25:$BO$36,(ABS((2000000*0.003*(CB75-$BN$25:$BN$36)/CB75)+$W$146)-ABS((2000000*0.003*(CB75-$BN$25:$BN$36)/CB75)-$W$146))/2)-$W$139*1000 -> 97221.486 | CD75: =(0.447*$W$45*$W$143*MIN(0.8*CB75,$W$142)*($W$142/2-MIN(0.8*CB75,$W$142)/2)+SUMPRODUCT($BO$25:$BO$36,(ABS((2000000*0.003*(CB75-$BN$25:$BN$36)/CB75)+$W$146)-ABS((2000000*0.003*(CB75-$BN$25:$BN$36)/CB75)-$W$146))/2,($W$142/2-$BN$25:$BN$36)))/100000 -> 72.727256 | CE75: =IF(AND(CC74<0,CC75>=0),CA75,"") | CF75: 50 | CG75: =IF(CF75<$W$171,IF(CF75<$W$194,-$W$196/2+CF75*$W$196/($W$194-1),IF(CF75<2*$W$194,-$W$196/2+(CF75-$W$194)*$W$196/($W$194-1),IF(CF75<2*$W$194+$W$195-2,-$W$196/2,$W$196/2)))/$W$193,NA()) -> #N/A | CH75: =IF(CF75<$W$171,IF(CF75<$W$194,-$W$197/2,IF(CF75<2*$W$194,$W$197/2,IF(CF75<2*$W$194+$W$195-2,-$W$197/2+(CF75-2*$W$194+1)*$W$197/($W$195-1),-$W$197/2+(CF75-2*$W$194-($W$195-2)+1)*$W$197/($W$195-1))))/$W$193,NA()) -> #N/A
A76: h × b = | B76: =$W$142&" × "&$W$143 -> 80 × 60 | C76: cm | D76: d = | E76: =$W$145 -> 73.2 | F76: cm | G76: h along the moment | V76: e'N y | W76: =IF($W$56>0,ABS(SUM($AD$25:$AD$36)/$W$57-AVERAGE($AB$25:$AB$36)),0) -> 0 | CA76: 36 | CB76: =2*$W$142*CA76/200 -> 28.8 | CC76: =0.447*$W$45*$W$143*MIN(0.8*CB76,$W$142)+SUMPRODUCT($BO$25:$BO$36,(ABS((2000000*0.003*(CB76-$BN$25:$BN$36)/CB76)+$W$146)-ABS((2000000*0.003*(CB76-$BN$25:$BN$36)/CB76)-$W$146))/2)-$W$139*1000 -> 102791.82 | CD76: =(0.447*$W$45*$W$143*MIN(0.8*CB76,$W$142)*($W$142/2-MIN(0.8*CB76,$W$142)/2)+SUMPRODUCT($BO$25:$BO$36,(ABS((2000000*0.003*(CB76-$BN$25:$BN$36)/CB76)+$W$146)-ABS((2000000*0.003*(CB76-$BN$25:$BN$36)/CB76)-$W$146))/2,($W$142/2-$BN$25:$BN$36)))/100000 -> 73.617539 | CE76: =IF(AND(CC75<0,CC76>=0),CA76,"") | CF76: 51 | CG76: =IF(CF76<$W$171,IF(CF76<$W$194,-$W$196/2+CF76*$W$196/($W$194-1),IF(CF76<2*$W$194,-$W$196/2+(CF76-$W$194)*$W$196/($W$194-1),IF(CF76<2*$W$194+$W$195-2,-$W$196/2,$W$196/2)))/$W$193,NA()) -> #N/A | CH76: =IF(CF76<$W$171,IF(CF76<$W$194,-$W$197/2,IF(CF76<2*$W$194,$W$197/2,IF(CF76<2*$W$194+$W$195-2,-$W$197/2+(CF76-2*$W$194+1)*$W$197/($W$195-1),-$W$197/2+(CF76-2*$W$194-($W$195-2)+1)*$W$197/($W$195-1))))/$W$193,NA()) -> #N/A
A77: As req / face = | C77: =IF(OR(NOT($W$51),$W$41),"-",IF($W$150>=999,"section small",$W$150)) -> 3.4908162 | D77: cm2 | E77: As min = | F77: =$W$151 -> 38.4 | G77: cm2 | H77: 0.8%·Bx·By | V77: psi ec | W77: =1/(1+$W$75/(1.5*$W$70))/(1+$W$76/(1.5*$W$70)) -> 1 | CA77: 37 | CB77: =2*$W$142*CA77/200 -> 29.6 | CC77: =0.447*$W$45*$W$143*MIN(0.8*CB77,$W$142)+SUMPRODUCT($BO$25:$BO$36,(ABS((2000000*0.003*(CB77-$BN$25:$BN$36)/CB77)+$W$146)-ABS((2000000*0.003*(CB77-$BN$25:$BN$36)/CB77)-$W$146))/2)-$W$139*1000 -> 108293.02 | CD77: =(0.447*$W$45*$W$143*MIN(0.8*CB77,$W$142)*($W$142/2-MIN(0.8*CB77,$W$142)/2)+SUMPRODUCT($BO$25:$BO$36,(ABS((2000000*0.003*(CB77-$BN$25:$BN$36)/CB77)+$W$146)-ABS((2000000*0.003*(CB77-$BN$25:$BN$36)/CB77)-$W$146))/2,($W$142/2-$BN$25:$BN$36)))/100000 -> 74.472316 | CE77: =IF(AND(CC76<0,CC77>=0),CA77,"") | CF77: 52 | CG77: =IF(CF77<$W$171,IF(CF77<$W$194,-$W$196/2+CF77*$W$196/($W$194-1),IF(CF77<2*$W$194,-$W$196/2+(CF77-$W$194)*$W$196/($W$194-1),IF(CF77<2*$W$194+$W$195-2,-$W$196/2,$W$196/2)))/$W$193,NA()) -> #N/A | CH77: =IF(CF77<$W$171,IF(CF77<$W$194,-$W$197/2,IF(CF77<2*$W$194,$W$197/2,IF(CF77<2*$W$194+$W$195-2,-$W$197/2+(CF77-2*$W$194+1)*$W$197/($W$195-1),-$W$197/2+(CF77-2*$W$194-($W$195-2)+1)*$W$197/($W$195-1))))/$W$193,NA()) -> #N/A
A78: Mr (strain comp.) = | C78: =IF($W$175="N/A","-",$W$174) -> 52.145373 | D78: t.m | E78: =IF($W$175="N/A","-",IF(N($W$174)>=$W$141,"> ","< ")&TEXT($W$141,"0.00")) -> > 18.75 | F78: =$W$175 -> Safe | G78: εcu=0.003, 0.447fcu, fy/1.15 | V78: Nb kN | W78: =10*SQRT($W$46)*($W$70*10)^1.5/1000 -> 399.43679 | CA78: 38 | CB78: =2*$W$142*CA78/200 -> 30.4 | CC78: =0.447*$W$45*$W$143*MIN(0.8*CB78,$W$142)+SUMPRODUCT($BO$25:$BO$36,(ABS((2000000*0.003*(CB78-$BN$25:$BN$36)/CB78)+$W$146)-ABS((2000000*0.003*(CB78-$BN$25:$BN$36)/CB78)-$W$146))/2)-$W$139*1000 -> 113730.53 | CD78: =(0.447*$W$45*$W$143*MIN(0.8*CB78,$W$142)*($W$142/2-MIN(0.8*CB78,$W$142)/2)+SUMPRODUCT($BO$25:$BO$36,(ABS((2000000*0.003*(CB78-$BN$25:$BN$36)/CB78)+$W$146)-ABS((2000000*0.003*(CB78-$BN$25:$BN$36)/CB78)-$W$146))/2,($W$142/2-$BN$25:$BN$36)))/100000 -> 75.292223 | CE78: =IF(AND(CC77<0,CC78>=0),CA78,"") | CF78: 53 | CG78: =IF(CF78<$W$171,IF(CF78<$W$194,-$W$196/2+CF78*$W$196/($W$194-1),IF(CF78<2*$W$194,-$W$196/2+(CF78-$W$194)*$W$196/($W$194-1),IF(CF78<2*$W$194+$W$195-2,-$W$196/2,$W$196/2)))/$W$193,NA()) -> #N/A | CH78: =IF(CF78<$W$171,IF(CF78<$W$194,-$W$197/2,IF(CF78<2*$W$194,$W$197/2,IF(CF78<2*$W$194+$W$195-2,-$W$197/2+(CF78-2*$W$194+1)*$W$197/($W$195-1),-$W$197/2+(CF78-2*$W$194-($W$195-2)+1)*$W$197/($W$195-1))))/$W$193,NA()) -> #N/A
A79: Axial capacity = | C79: =IF($W$139>=0,$W$176,$W$177) -> 516.99227 | D79: ton | E79: =IF($W$41,"-",IF($W$139>=0,"> ","> ")&TEXT(ABS($W$139),"0.0")) -> > 30.0 | F79: =$W$178 -> Safe | G79: =IF($W$139>=0,"0.35fcu·Ac + 0.67fy·As","As·fy/1.15 (tension)") -> 0.35fcu·Ac + 0.67fy·As | V79: Ncbg kN | W79: =MIN($W$71/$W$72,MAX(1,$W$56))*$W$74*$W$77*$W$78 -> 87.268847 | CA79: 39 | CB79: =2*$W$142*CA79/200 -> 31.2 | CC79: =0.447*$W$45*$W$143*MIN(0.8*CB79,$W$142)+SUMPRODUCT($BO$25:$BO$36,(ABS((2000000*0.003*(CB79-$BN$25:$BN$36)/CB79)+$W$146)-ABS((2000000*0.003*(CB79-$BN$25:$BN$36)/CB79)-$W$146))/2)-$W$139*1000 -> 119757.49 | CD79: =(0.447*$W$45*$W$143*MIN(0.8*CB79,$W$142)*($W$142/2-MIN(0.8*CB79,$W$142)/2)+SUMPRODUCT($BO$25:$BO$36,(ABS((2000000*0.003*(CB79-$BN$25:$BN$36)/CB79)+$W$146)-ABS((2000000*0.003*(CB79-$BN$25:$BN$36)/CB79)-$W$146))/2,($W$142/2-$BN$25:$BN$36)))/100000 -> 76.034787 | CE79: =IF(AND(CC78<0,CC79>=0),CA79,"") | CF79: 54 | CG79: =IF(CF79<$W$171,IF(CF79<$W$194,-$W$196/2+CF79*$W$196/($W$194-1),IF(CF79<2*$W$194,-$W$196/2+(CF79-$W$194)*$W$196/($W$194-1),IF(CF79<2*$W$194+$W$195-2,-$W$196/2,$W$196/2)))/$W$193,NA()) -> #N/A | CH79: =IF(CF79<$W$171,IF(CF79<$W$194,-$W$197/2,IF(CF79<2*$W$194,$W$197/2,IF(CF79<2*$W$194+$W$195-2,-$W$197/2+(CF79-2*$W$194+1)*$W$197/($W$195-1),-$W$197/2+(CF79-2*$W$194-($W$195-2)+1)*$W$197/($W$195-1))))/$W$193,NA()) -> #N/A
A80: Shear qu = | C80: =$W$180 -> 1.0800129 | D80: kg/cm2 | E80: =IF($W$180<=$W$181,"< ","> ")&TEXT($W$181,"0.0") -> < 9.9 | F80: =$W$182 -> Safe | G80: qcu = 0.24·√(fcu/1.5) | V80: cap T kN | W80: =$W$52*$W$79/$W$53 -> 43.634424 | CA80: 40 | CB80: =2*$W$142*CA80/200 -> 32 | CC80: =0.447*$W$45*$W$143*MIN(0.8*CB80,$W$142)+SUMPRODUCT($BO$25:$BO$36,(ABS((2000000*0.003*(CB80-$BN$25:$BN$36)/CB80)+$W$146)-ABS((2000000*0.003*(CB80-$BN$25:$BN$36)/CB80)-$W$146))/2)-$W$139*1000 -> 125983.53 | CD80: =(0.447*$W$45*$W$143*MIN(0.8*CB80,$W$142)*($W$142/2-MIN(0.8*CB80,$W$142)/2)+SUMPRODUCT($BO$25:$BO$36,(ABS((2000000*0.003*(CB80-$BN$25:$BN$36)/CB80)+$W$146)-ABS((2000000*0.003*(CB80-$BN$25:$BN$36)/CB80)-$W$146))/2,($W$142/2-$BN$25:$BN$36)))/100000 -> 76.726734 | CE80: =IF(AND(CC79<0,CC80>=0),CA80,"") | CF80: 55 | CG80: =IF(CF80<$W$171,IF(CF80<$W$194,-$W$196/2+CF80*$W$196/($W$194-1),IF(CF80<2*$W$194,-$W$196/2+(CF80-$W$194)*$W$196/($W$194-1),IF(CF80<2*$W$194+$W$195-2,-$W$196/2,$W$196/2)))/$W$193,NA()) -> #N/A | CH80: =IF(CF80<$W$171,IF(CF80<$W$194,-$W$197/2,IF(CF80<2*$W$194,$W$197/2,IF(CF80<2*$W$194+$W$195-2,-$W$197/2+(CF80-2*$W$194+1)*$W$197/($W$195-1),-$W$197/2+(CF80-2*$W$194-($W$195-2)+1)*$W$197/($W$195-1))))/$W$193,NA()) -> #N/A
V81: dem T kN | W81: =$W$57*9.81 -> 87.304448 | CA81: 41 | CB81: =2*$W$142*CA81/200 -> 32.8 | CC81: =0.447*$W$45*$W$143*MIN(0.8*CB81,$W$142)+SUMPRODUCT($BO$25:$BO$36,(ABS((2000000*0.003*(CB81-$BN$25:$BN$36)/CB81)+$W$146)-ABS((2000000*0.003*(CB81-$BN$25:$BN$36)/CB81)-$W$146))/2)-$W$139*1000 -> 132115.18 | CD81: =(0.447*$W$45*$W$143*MIN(0.8*CB81,$W$142)*($W$142/2-MIN(0.8*CB81,$W$142)/2)+SUMPRODUCT($BO$25:$BO$36,(ABS((2000000*0.003*(CB81-$BN$25:$BN$36)/CB81)+$W$146)-ABS((2000000*0.003*(CB81-$BN$25:$BN$36)/CB81)-$W$146))/2,($W$142/2-$BN$25:$BN$36)))/100000 -> 77.388277 | CE81: =IF(AND(CC80<0,CC81>=0),CA81,"") | CF81: 56 | CG81: =IF(CF81<$W$171,IF(CF81<$W$194,-$W$196/2+CF81*$W$196/($W$194-1),IF(CF81<2*$W$194,-$W$196/2+(CF81-$W$194)*$W$196/($W$194-1),IF(CF81<2*$W$194+$W$195-2,-$W$196/2,$W$196/2)))/$W$193,NA()) -> #N/A | CH81: =IF(CF81<$W$171,IF(CF81<$W$194,-$W$197/2,IF(CF81<2*$W$194,$W$197/2,IF(CF81<2*$W$194+$W$195-2,-$W$197/2+(CF81-2*$W$194+1)*$W$197/($W$195-1),-$W$197/2+(CF81-2*$W$194-($W$195-2)+1)*$W$197/($W$195-1))))/$W$193,NA()) -> #N/A
A82: Reinforcement Details: | D82: As anchor = Tu / (0.75 · fy) (ACI §17.5.2.1) | V82: status T | W82: =IF($W$56=0,"N/A",IF($W$80>=$W$81,"Safe",IF($W$51,"By Rft.","Un-Safe"))) -> By Rft. | CA82: 42 | CB82: =2*$W$142*CA82/200 -> 33.6 | CC82: =0.447*$W$45*$W$143*MIN(0.8*CB82,$W$142)+SUMPRODUCT($BO$25:$BO$36,(ABS((2000000*0.003*(CB82-$BN$25:$BN$36)/CB82)+$W$146)-ABS((2000000*0.003*(CB82-$BN$25:$BN$36)/CB82)-$W$146))/2)-$W$139*1000 -> 138159.19 | CD82: =(0.447*$W$45*$W$143*MIN(0.8*CB82,$W$142)*($W$142/2-MIN(0.8*CB82,$W$142)/2)+SUMPRODUCT($BO$25:$BO$36,(ABS((2000000*0.003*(CB82-$BN$25:$BN$36)/CB82)+$W$146)-ABS((2000000*0.003*(CB82-$BN$25:$BN$36)/CB82)-$W$146))/2,($W$142/2-$BN$25:$BN$36)))/100000 -> 78.019626 | CE82: =IF(AND(CC81<0,CC82>=0),CA82,"") | CF82: 57 | CG82: =IF(CF82<$W$171,IF(CF82<$W$194,-$W$196/2+CF82*$W$196/($W$194-1),IF(CF82<2*$W$194,-$W$196/2+(CF82-$W$194)*$W$196/($W$194-1),IF(CF82<2*$W$194+$W$195-2,-$W$196/2,$W$196/2)))/$W$193,NA()) -> #N/A | CH82: =IF(CF82<$W$171,IF(CF82<$W$194,-$W$197/2,IF(CF82<2*$W$194,$W$197/2,IF(CF82<2*$W$194+$W$195-2,-$W$197/2+(CF82-2*$W$194+1)*$W$197/($W$195-1),-$W$197/2+(CF82-2*$W$194-($W$195-2)+1)*$W$197/($W$195-1))))/$W$193,NA()) -> #N/A
A83: Tu max = | B83: =$W$165 -> 6.674652 | C83: ton | D83: As / bolt = | E83: =IF($W$167>0,$W$166,"-") -> 2.4720933 | F83: cm2 | G83: =IF($W$40,"Tu = 1.5 × (T+Q)","Tu = T+Q") -> Tu = 1.5 × (T+Q) | V83: side-face bolts | W83: =COUNTIF($AI$25:$AI$36,TRUE) -> 2 | CA83: 43 | CB83: =2*$W$142*CA83/200 -> 34.4 | CC83: =0.447*$W$45*$W$143*MIN(0.8*CB83,$W$142)+SUMPRODUCT($BO$25:$BO$36,(ABS((2000000*0.003*(CB83-$BN$25:$BN$36)/CB83)+$W$146)-ABS((2000000*0.003*(CB83-$BN$25:$BN$36)/CB83)-$W$146))/2)-$W$139*1000 -> 144121.68 | CD83: =(0.447*$W$45*$W$143*MIN(0.8*CB83,$W$142)*($W$142/2-MIN(0.8*CB83,$W$142)/2)+SUMPRODUCT($BO$25:$BO$36,(ABS((2000000*0.003*(CB83-$BN$25:$BN$36)/CB83)+$W$146)-ABS((2000000*0.003*(CB83-$BN$25:$BN$36)/CB83)-$W$146))/2,($W$142/2-$BN$25:$BN$36)))/100000 -> 78.620971 | CE83: =IF(AND(CC82<0,CC83>=0),CA83,"") | CF83: 58 | CG83: =IF(CF83<$W$171,IF(CF83<$W$194,-$W$196/2+CF83*$W$196/($W$194-1),IF(CF83<2*$W$194,-$W$196/2+(CF83-$W$194)*$W$196/($W$194-1),IF(CF83<2*$W$194+$W$195-2,-$W$196/2,$W$196/2)))/$W$193,NA()) -> #N/A | CH83: =IF(CF83<$W$171,IF(CF83<$W$194,-$W$197/2,IF(CF83<2*$W$194,$W$197/2,IF(CF83<2*$W$194+$W$195-2,-$W$197/2+(CF83-2*$W$194+1)*$W$197/($W$195-1),-$W$197/2+(CF83-2*$W$194-($W$195-2)+1)*$W$197/($W$195-1))))/$W$193,NA()) -> #N/A
A84: Bars / bolt = | C84: =IF(NOT($W$51),"-",IF($W$167>0,$W$167&" Ø"&$F$9&" around each tension bolt (within 0.5 hef)","not required - concrete carries the tension")) -> 3 Ø16 around each tension bolt (within 0.5 hef) | V84: worst ratio | W84: =IF($W$83>0,MAX($AL$25:$AL$36),0) -> 0.26372043 | CA84: 44 | CB84: =2*$W$142*CA84/200 -> 35.2 | CC84: =0.447*$W$45*$W$143*MIN(0.8*CB84,$W$142)+SUMPRODUCT($BO$25:$BO$36,(ABS((2000000*0.003*(CB84-$BN$25:$BN$36)/CB84)+$W$146)-ABS((2000000*0.003*(CB84-$BN$25:$BN$36)/CB84)-$W$146))/2)-$W$139*1000 -> 150008.19 | CD84: =(0.447*$W$45*$W$143*MIN(0.8*CB84,$W$142)*($W$142/2-MIN(0.8*CB84,$W$142)/2)+SUMPRODUCT($BO$25:$BO$36,(ABS((2000000*0.003*(CB84-$BN$25:$BN$36)/CB84)+$W$146)-ABS((2000000*0.003*(CB84-$BN$25:$BN$36)/CB84)-$W$146))/2,($W$142/2-$BN$25:$BN$36)))/100000 -> 79.192486 | CE84: =IF(AND(CC83<0,CC84>=0),CA84,"") | CF84: 59 | CG84: =IF(CF84<$W$171,IF(CF84<$W$194,-$W$196/2+CF84*$W$196/($W$194-1),IF(CF84<2*$W$194,-$W$196/2+(CF84-$W$194)*$W$196/($W$194-1),IF(CF84<2*$W$194+$W$195-2,-$W$196/2,$W$196/2)))/$W$193,NA()) -> #N/A | CH84: =IF(CF84<$W$171,IF(CF84<$W$194,-$W$197/2,IF(CF84<2*$W$194,$W$197/2,IF(CF84<2*$W$194+$W$195-2,-$W$197/2+(CF84-2*$W$194+1)*$W$197/($W$195-1),-$W$197/2+(CF84-2*$W$194-($W$195-2)+1)*$W$197/($W$195-1))))/$W$193,NA()) -> #N/A
A85: Main bars = | C85: =IF(NOT($W$51),"plain pedestal",$W$171&" Ø"&$F$9&" ( "&$W$169&" on each face ⊥ M + "&$W$170&" on each side ) As = "&TEXT($W$172,"0.0")&" cm²") -> 20 Ø16 ( 6 on each face ⊥ M + 4 on each side ) As = 40.2 cm² | V85: worst bolt | W85: =IF($W$83>0,MATCH($W$84,$AL$25:$AL$36,0),0) -> 1 | CA85: 45 | CB85: =2*$W$142*CA85/200 -> 36 | CC85: =0.447*$W$45*$W$143*MIN(0.8*CB85,$W$142)+SUMPRODUCT($BO$25:$BO$36,(ABS((2000000*0.003*(CB85-$BN$25:$BN$36)/CB85)+$W$146)-ABS((2000000*0.003*(CB85-$BN$25:$BN$36)/CB85)-$W$146))/2)-$W$139*1000 -> 155823.81 | CD85: =(0.447*$W$45*$W$143*MIN(0.8*CB85,$W$142)*($W$142/2-MIN(0.8*CB85,$W$142)/2)+SUMPRODUCT($BO$25:$BO$36,(ABS((2000000*0.003*(CB85-$BN$25:$BN$36)/CB85)+$W$146)-ABS((2000000*0.003*(CB85-$BN$25:$BN$36)/CB85)-$W$146))/2,($W$142/2-$BN$25:$BN$36)))/100000 -> 79.734327 | CE85: =IF(AND(CC84<0,CC85>=0),CA85,"")
A86: Dev. length ld = | C86: =IF($W$51,$W$185,"-") -> 60.727878 | D86: cm | E86: Bar L = | F86: =IF($W$51,$W$186,"-") -> 185 | G86: cm | H86: hef + ld | V86: ca1 | W86: =IF($W$83>0,INDEX($AG$25:$AG$36,$W$85),MIN($AG$25:$AG$36)) -> 15 | CA86: 46 | CB86: =2*$W$142*CA86/200 -> 36.8 | CC86: =0.447*$W$45*$W$143*MIN(0.8*CB86,$W$142)+SUMPRODUCT($BO$25:$BO$36,(ABS((2000000*0.003*(CB86-$BN$25:$BN$36)/CB86)+$W$146)-ABS((2000000*0.003*(CB86-$BN$25:$BN$36)/CB86)-$W$146))/2)-$W$139*1000 -> 161573.15 | CD86: =(0.447*$W$45*$W$143*MIN(0.8*CB86,$W$142)*($W$142/2-MIN(0.8*CB86,$W$142)/2)+SUMPRODUCT($BO$25:$BO$36,(ABS((2000000*0.003*(CB86-$BN$25:$BN$36)/CB86)+$W$146)-ABS((2000000*0.003*(CB86-$BN$25:$BN$36)/CB86)-$W$146))/2,($W$142/2-$BN$25:$BN$36)))/100000 -> 80.24664 | CE86: =IF(AND(CC85<0,CC86>=0),CA86,"")
A87: ld = fy·db / (2.1·√f'c) (Ø ≤ 20, 1.7 for larger) ≥ 30 cm - bars hooked at the top, developed below the bolt head | V87: ca2 | W87: =IF($W$83>0,INDEX($AH$25:$AH$36,$W$85),"") -> 20 | CA87: 47 | CB87: =2*$W$142*CA87/200 -> 37.6 | CC87: =0.447*$W$45*$W$143*MIN(0.8*CB87,$W$142)+SUMPRODUCT($BO$25:$BO$36,(ABS((2000000*0.003*(CB87-$BN$25:$BN$36)/CB87)+$W$146)-ABS((2000000*0.003*(CB87-$BN$25:$BN$36)/CB87)-$W$146))/2)-$W$139*1000 -> 167260.43 | CD87: =(0.447*$W$45*$W$143*MIN(0.8*CB87,$W$142)*($W$142/2-MIN(0.8*CB87,$W$142)/2)+SUMPRODUCT($BO$25:$BO$36,(ABS((2000000*0.003*(CB87-$BN$25:$BN$36)/CB87)+$W$146)-ABS((2000000*0.003*(CB87-$BN$25:$BN$36)/CB87)-$W$146))/2,($W$142/2-$BN$25:$BN$36)))/100000 -> 80.729556 | CE87: =IF(AND(CC86<0,CC87>=0),CA87,"")
A88: Top ties = | C88: =IF(NOT($W$51),"-",$W$183&" Ø"&$F$10&" closed ties around the bolts, top "&IF($W$183>3,5*($W$183-1)+5,12.5)&" cm"&IF($W$155>0," (shear As = "&TEXT($W$155,"0.00")&" cm²)","")) -> 3 Ø10 closed ties around the bolts, top 12.5 cm (shear As = 1.67 cm²) | V88: cap kN | W88: =IF($W$83>0,INDEX($AK$25:$AK$36,$W$85),"") -> 165.52462 | CA88: 48 | CB88: =2*$W$142*CA88/200 -> 38.4 | CC88: =0.447*$W$45*$W$143*MIN(0.8*CB88,$W$142)+SUMPRODUCT($BO$25:$BO$36,(ABS((2000000*0.003*(CB88-$BN$25:$BN$36)/CB88)+$W$146)-ABS((2000000*0.003*(CB88-$BN$25:$BN$36)/CB88)-$W$146))/2)-$W$139*1000 -> 172889.55 | CD88: =(0.447*$W$45*$W$143*MIN(0.8*CB88,$W$142)*($W$142/2-MIN(0.8*CB88,$W$142)/2)+SUMPRODUCT($BO$25:$BO$36,(ABS((2000000*0.003*(CB88-$BN$25:$BN$36)/CB88)+$W$146)-ABS((2000000*0.003*(CB88-$BN$25:$BN$36)/CB88)-$W$146))/2,($W$142/2-$BN$25:$BN$36)))/100000 -> 81.183196 | CE88: =IF(AND(CC87<0,CC88>=0),CA88,"")
A89: Body ties = | C89: =IF(NOT($W$51),"-","Ø"&$F$10&" @ "&$W$184&" cm (≤ 15 cm , 12 Ø)") -> Ø10 @ 15 cm (≤ 15 cm , 12 Ø) | V89: dem kN | W89: =IF($W$83>0,INDEX($Y$25:$Y$36,$W$85)*9.81,"") -> 43.652224 | CA89: 49 | CB89: =2*$W$142*CA89/200 -> 39.2 | CC89: =0.447*$W$45*$W$143*MIN(0.8*CB89,$W$142)+SUMPRODUCT($BO$25:$BO$36,(ABS((2000000*0.003*(CB89-$BN$25:$BN$36)/CB89)+$W$146)-ABS((2000000*0.003*(CB89-$BN$25:$BN$36)/CB89)-$W$146))/2)-$W$139*1000 -> 178464.06 | CD89: =(0.447*$W$45*$W$143*MIN(0.8*CB89,$W$142)*($W$142/2-MIN(0.8*CB89,$W$142)/2)+SUMPRODUCT($BO$25:$BO$36,(ABS((2000000*0.003*(CB89-$BN$25:$BN$36)/CB89)+$W$146)-ABS((2000000*0.003*(CB89-$BN$25:$BN$36)/CB89)-$W$146))/2,($W$142/2-$BN$25:$BN$36)))/100000 -> 81.607671 | CE89: =IF(AND(CC88<0,CC89>=0),CA89,"")
A90: top ties: As = Vu / (0.75·fy), 2 legs per tie, at least 3 Ø10 / 2 Ø12 within the top 12.5 cm (ACI §17.7.2.5 , §10.7.6.1.6) | V90: status S | W90: =IF($W$83>0,IF($W$84<=1,"Safe","Un-Safe"),"N/A") -> Safe | CA90: 50 | CB90: =2*$W$142*CA90/200 -> 40 | CC90: =0.447*$W$45*$W$143*MIN(0.8*CB90,$W$142)+SUMPRODUCT($BO$25:$BO$36,(ABS((2000000*0.003*(CB90-$BN$25:$BN$36)/CB90)+$W$146)-ABS((2000000*0.003*(CB90-$BN$25:$BN$36)/CB90)-$W$146))/2)-$W$139*1000 -> 184560 | CD90: =(0.447*$W$45*$W$143*MIN(0.8*CB90,$W$142)*($W$142/2-MIN(0.8*CB90,$W$142)/2)+SUMPRODUCT($BO$25:$BO$36,(ABS((2000000*0.003*(CB90-$BN$25:$BN$36)/CB90)+$W$146)-ABS((2000000*0.003*(CB90-$BN$25:$BN$36)/CB90)-$W$146))/2,($W$142/2-$BN$25:$BN$36)))/100000 -> 81.888989 | CE90: =IF(AND(CC89<0,CC90>=0),CA90,"")
V91: x min | W91: =MIN($BB$25:$BB$36) -> -25 | CA91: 51 | CB91: =2*$W$142*CA91/200 -> 40.8 | CC91: =0.447*$W$45*$W$143*MIN(0.8*CB91,$W$142)+SUMPRODUCT($BO$25:$BO$36,(ABS((2000000*0.003*(CB91-$BN$25:$BN$36)/CB91)+$W$146)-ABS((2000000*0.003*(CB91-$BN$25:$BN$36)/CB91)-$W$146))/2)-$W$139*1000 -> 190743.55 | CD91: =(0.447*$W$45*$W$143*MIN(0.8*CB91,$W$142)*($W$142/2-MIN(0.8*CB91,$W$142)/2)+SUMPRODUCT($BO$25:$BO$36,(ABS((2000000*0.003*(CB91-$BN$25:$BN$36)/CB91)+$W$146)-ABS((2000000*0.003*(CB91-$BN$25:$BN$36)/CB91)-$W$146))/2,($W$142/2-$BN$25:$BN$36)))/100000 -> 82.114262 | CE91: =IF(AND(CC90<0,CC91>=0),CA91,"")
A92: =IF(NOT($W$51),IF(F11="Safe","PLAIN PEDESTAL OK - concrete satisfies all anchorage checks.","PLAIN PEDESTAL NOT OK - set Pedestal = Reinforced or enlarge the pedestal / hef."),"REINFORCEMENT: "&$W$171&" Ø"&$F$9&" ( L ≥ "&$W$186&" cm ) | "&IF($W$167>0,$W$167&" Ø"&$F$9&" around each tension bolt | ","")&"top ties "&$W$183&" Ø"&$F$10&" | ties Ø"&$F$10&" @ "&$W$184&" cm") -> REINFORCEMENT: 20 Ø16 ( L ≥ 185 cm ) | 3 Ø16 around each tension bolt | top ties 3 Ø10 | ties Ø10 @ 15 cm | V92: x max | W92: =MAX($BB$25:$BB$36) -> 25 | CA92: 52 | CB92: =2*$W$142*CA92/200 -> 41.6 | CC92: =0.447*$W$45*$W$143*MIN(0.8*CB92,$W$142)+SUMPRODUCT($BO$25:$BO$36,(ABS((2000000*0.003*(CB92-$BN$25:$BN$36)/CB92)+$W$146)-ABS((2000000*0.003*(CB92-$BN$25:$BN$36)/CB92)-$W$146))/2)-$W$139*1000 -> 196854.31 | CD92: =(0.447*$W$45*$W$143*MIN(0.8*CB92,$W$142)*($W$142/2-MIN(0.8*CB92,$W$142)/2)+SUMPRODUCT($BO$25:$BO$36,(ABS((2000000*0.003*(CB92-$BN$25:$BN$36)/CB92)+$W$146)-ABS((2000000*0.003*(CB92-$BN$25:$BN$36)/CB92)-$W$146))/2,($W$142/2-$BN$25:$BN$36)))/100000 -> 82.316082 | CE92: =IF(AND(CC91<0,CC92>=0),CA92,"")
A93: Notes: design aid only - the responsible engineer must verify all results. See sheet "Notes". | V93: y min | W93: =MIN($BC$25:$BC$36) -> -10 | CA93: 53 | CB93: =2*$W$142*CA93/200 -> 42.4 | CC93: =0.447*$W$45*$W$143*MIN(0.8*CB93,$W$142)+SUMPRODUCT($BO$25:$BO$36,(ABS((2000000*0.003*(CB93-$BN$25:$BN$36)/CB93)+$W$146)-ABS((2000000*0.003*(CB93-$BN$25:$BN$36)/CB93)-$W$146))/2)-$W$139*1000 -> 202783.6 | CD93: =(0.447*$W$45*$W$143*MIN(0.8*CB93,$W$142)*($W$142/2-MIN(0.8*CB93,$W$142)/2)+SUMPRODUCT($BO$25:$BO$36,(ABS((2000000*0.003*(CB93-$BN$25:$BN$36)/CB93)+$W$146)-ABS((2000000*0.003*(CB93-$BN$25:$BN$36)/CB93)-$W$146))/2,($W$142/2-$BN$25:$BN$36)))/100000 -> 82.47175 | CE93: =IF(AND(CC92<0,CC93>=0),CA93,"")
V94: y max | W94: =MAX($BC$25:$BC$36) -> 10 | CA94: 54 | CB94: =2*$W$142*CA94/200 -> 43.2 | CC94: =0.447*$W$45*$W$143*MIN(0.8*CB94,$W$142)+SUMPRODUCT($BO$25:$BO$36,(ABS((2000000*0.003*(CB94-$BN$25:$BN$36)/CB94)+$W$146)-ABS((2000000*0.003*(CB94-$BN$25:$BN$36)/CB94)-$W$146))/2)-$W$139*1000 -> 208549.25 | CD94: =(0.447*$W$45*$W$143*MIN(0.8*CB94,$W$142)*($W$142/2-MIN(0.8*CB94,$W$142)/2)+SUMPRODUCT($BO$25:$BO$36,(ABS((2000000*0.003*(CB94-$BN$25:$BN$36)/CB94)+$W$146)-ABS((2000000*0.003*(CB94-$BN$25:$BN$36)/CB94)-$W$146))/2,($W$142/2-$BN$25:$BN$36)))/100000 -> 82.58385 | CE94: =IF(AND(CC93<0,CC94>=0),CA94,"")
V95: c left a | W95: =$W$43/2+$W$91 -> 15 | CA95: 55 | CB95: =2*$W$142*CA95/200 -> 44 | CC95: =0.447*$W$45*$W$143*MIN(0.8*CB95,$W$142)+SUMPRODUCT($BO$25:$BO$36,(ABS((2000000*0.003*(CB95-$BN$25:$BN$36)/CB95)+$W$146)-ABS((2000000*0.003*(CB95-$BN$25:$BN$36)/CB95)-$W$146))/2)-$W$139*1000 -> 214261.29 | CD95: =(0.447*$W$45*$W$143*MIN(0.8*CB95,$W$142)*($W$142/2-MIN(0.8*CB95,$W$142)/2)+SUMPRODUCT($BO$25:$BO$36,(ABS((2000000*0.003*(CB95-$BN$25:$BN$36)/CB95)+$W$146)-ABS((2000000*0.003*(CB95-$BN$25:$BN$36)/CB95)-$W$146))/2,($W$142/2-$BN$25:$BN$36)))/100000 -> 82.673399 | CE95: =IF(AND(CC94<0,CC95>=0),CA95,"")
V96: c right a | W96: =$W$43/2-$W$92 -> 15 | CA96: 56 | CB96: =2*$W$142*CA96/200 -> 44.8 | CC96: =0.447*$W$45*$W$143*MIN(0.8*CB96,$W$142)+SUMPRODUCT($BO$25:$BO$36,(ABS((2000000*0.003*(CB96-$BN$25:$BN$36)/CB96)+$W$146)-ABS((2000000*0.003*(CB96-$BN$25:$BN$36)/CB96)-$W$146))/2)-$W$139*1000 -> 219922.58 | CD96: =(0.447*$W$45*$W$143*MIN(0.8*CB96,$W$142)*($W$142/2-MIN(0.8*CB96,$W$142)/2)+SUMPRODUCT($BO$25:$BO$36,(ABS((2000000*0.003*(CB96-$BN$25:$BN$36)/CB96)+$W$146)-ABS((2000000*0.003*(CB96-$BN$25:$BN$36)/CB96)-$W$146))/2,($W$142/2-$BN$25:$BN$36)))/100000 -> 82.740133 | CE96: =IF(AND(CC95<0,CC96>=0),CA96,"")
V97: c bottom a | W97: =$W$44/2+$W$93 -> 20 | CA97: 57 | CB97: =2*$W$142*CA97/200 -> 45.6 | CC97: =0.447*$W$45*$W$143*MIN(0.8*CB97,$W$142)+SUMPRODUCT($BO$25:$BO$36,(ABS((2000000*0.003*(CB97-$BN$25:$BN$36)/CB97)+$W$146)-ABS((2000000*0.003*(CB97-$BN$25:$BN$36)/CB97)-$W$146))/2)-$W$139*1000 -> 225535.8 | CD97: =(0.447*$W$45*$W$143*MIN(0.8*CB97,$W$142)*($W$142/2-MIN(0.8*CB97,$W$142)/2)+SUMPRODUCT($BO$25:$BO$36,(ABS((2000000*0.003*(CB97-$BN$25:$BN$36)/CB97)+$W$146)-ABS((2000000*0.003*(CB97-$BN$25:$BN$36)/CB97)-$W$146))/2,($W$142/2-$BN$25:$BN$36)))/100000 -> 82.783807 | CE97: =IF(AND(CC96<0,CC97>=0),CA97,"")
V98: c top a | W98: =$W$44/2-$W$94 -> 20 | CA98: 58 | CB98: =2*$W$142*CA98/200 -> 46.4 | CC98: =0.447*$W$45*$W$143*MIN(0.8*CB98,$W$142)+SUMPRODUCT($BO$25:$BO$36,(ABS((2000000*0.003*(CB98-$BN$25:$BN$36)/CB98)+$W$146)-ABS((2000000*0.003*(CB98-$BN$25:$BN$36)/CB98)-$W$146))/2)-$W$139*1000 -> 231103.43 | CD98: =(0.447*$W$45*$W$143*MIN(0.8*CB98,$W$142)*($W$142/2-MIN(0.8*CB98,$W$142)/2)+SUMPRODUCT($BO$25:$BO$36,(ABS((2000000*0.003*(CB98-$BN$25:$BN$36)/CB98)+$W$146)-ABS((2000000*0.003*(CB98-$BN$25:$BN$36)/CB98)-$W$146))/2,($W$142/2-$BN$25:$BN$36)))/100000 -> 82.804193 | CE98: =IF(AND(CC97<0,CC98>=0),CA98,"")
V99: faces a | W99: =($W$95<1.5*$W$47)+($W$96<1.5*$W$47)+($W$97<1.5*$W$47)+($W$98<1.5*$W$47) -> 4 | CA99: 59 | CB99: =2*$W$142*CA99/200 -> 47.2 | CC99: =0.447*$W$45*$W$143*MIN(0.8*CB99,$W$142)+SUMPRODUCT($BO$25:$BO$36,(ABS((2000000*0.003*(CB99-$BN$25:$BN$36)/CB99)+$W$146)-ABS((2000000*0.003*(CB99-$BN$25:$BN$36)/CB99)-$W$146))/2)-$W$139*1000 -> 236627.8 | CD99: =(0.447*$W$45*$W$143*MIN(0.8*CB99,$W$142)*($W$142/2-MIN(0.8*CB99,$W$142)/2)+SUMPRODUCT($BO$25:$BO$36,(ABS((2000000*0.003*(CB99-$BN$25:$BN$36)/CB99)+$W$146)-ABS((2000000*0.003*(CB99-$BN$25:$BN$36)/CB99)-$W$146))/2,($W$142/2-$BN$25:$BN$36)))/100000 -> 82.801079 | CE99: =IF(AND(CC98<0,CC99>=0),CA99,"")
V100: ca,max a | W100: =MAX(IF($W$95<1.5*$W$47,$W$95,0),IF($W$96<1.5*$W$47,$W$96,0),IF($W$97<1.5*$W$47,$W$97,0),IF($W$98<1.5*$W$47,$W$98,0)) -> 20 | CA100: 60 | CB100: =2*$W$142*CA100/200 -> 48 | CC100: =0.447*$W$45*$W$143*MIN(0.8*CB100,$W$142)+SUMPRODUCT($BO$25:$BO$36,(ABS((2000000*0.003*(CB100-$BN$25:$BN$36)/CB100)+$W$146)-ABS((2000000*0.003*(CB100-$BN$25:$BN$36)/CB100)-$W$146))/2)-$W$139*1000 -> 242111.06 | CD100: =(0.447*$W$45*$W$143*MIN(0.8*CB100,$W$142)*($W$142/2-MIN(0.8*CB100,$W$142)/2)+SUMPRODUCT($BO$25:$BO$36,(ABS((2000000*0.003*(CB100-$BN$25:$BN$36)/CB100)+$W$146)-ABS((2000000*0.003*(CB100-$BN$25:$BN$36)/CB100)-$W$146))/2,($W$142/2-$BN$25:$BN$36)))/100000 -> 82.774268 | CE100: =IF(AND(CC99<0,CC100>=0),CA100,"")
V101: s max a | W101: =IF($W$55>1,MAX('1-Base Plate'!$BA$37:$BL$48),0) -> 53.851648 | CA101: 61 | CB101: =2*$W$142*CA101/200 -> 48.8 | CC101: =0.447*$W$45*$W$143*MIN(0.8*CB101,$W$142)+SUMPRODUCT($BO$25:$BO$36,(ABS((2000000*0.003*(CB101-$BN$25:$BN$36)/CB101)+$W$146)-ABS((2000000*0.003*(CB101-$BN$25:$BN$36)/CB101)-$W$146))/2)-$W$139*1000 -> 249128.76 | CD101: =(0.447*$W$45*$W$143*MIN(0.8*CB101,$W$142)*($W$142/2-MIN(0.8*CB101,$W$142)/2)+SUMPRODUCT($BO$25:$BO$36,(ABS((2000000*0.003*(CB101-$BN$25:$BN$36)/CB101)+$W$146)-ABS((2000000*0.003*(CB101-$BN$25:$BN$36)/CB101)-$W$146))/2,($W$142/2-$BN$25:$BN$36)))/100000 -> 82.201162 | CE101: =IF(AND(CC100<0,CC101>=0),CA101,"")
V102: hef' a | W102: =IF($W$99>=3,MIN($W$47,MAX($W$100/1.5,$W$101/3)),$W$47) -> 17.950549 | CA102: 62 | CB102: =2*$W$142*CA102/200 -> 49.6 | CC102: =0.447*$W$45*$W$143*MIN(0.8*CB102,$W$142)+SUMPRODUCT($BO$25:$BO$36,(ABS((2000000*0.003*(CB102-$BN$25:$BN$36)/CB102)+$W$146)-ABS((2000000*0.003*(CB102-$BN$25:$BN$36)/CB102)-$W$146))/2)-$W$139*1000 -> 256286.93 | CD102: =(0.447*$W$45*$W$143*MIN(0.8*CB102,$W$142)*($W$142/2-MIN(0.8*CB102,$W$142)/2)+SUMPRODUCT($BO$25:$BO$36,(ABS((2000000*0.003*(CB102-$BN$25:$BN$36)/CB102)+$W$146)-ABS((2000000*0.003*(CB102-$BN$25:$BN$36)/CB102)-$W$146))/2,($W$142/2-$BN$25:$BN$36)))/100000 -> 81.545017 | CE102: =IF(AND(CC101<0,CC102>=0),CA102,"")
V103: ANc a | W103: =(MIN($W$95,1.5*$W$102)+$W$92-$W$91+MIN($W$96,1.5*$W$102))*(MIN($W$97,1.5*$W$102)+$W$94-$W$93+MIN($W$98,1.5*$W$102)) -> 4800 | CA103: 63 | CB103: =2*$W$142*CA103/200 -> 50.4 | CC103: =0.447*$W$45*$W$143*MIN(0.8*CB103,$W$142)+SUMPRODUCT($BO$25:$BO$36,(ABS((2000000*0.003*(CB103-$BN$25:$BN$36)/CB103)+$W$146)-ABS((2000000*0.003*(CB103-$BN$25:$BN$36)/CB103)-$W$146))/2)-$W$139*1000 -> 263354.08 | CD103: =(0.447*$W$45*$W$143*MIN(0.8*CB103,$W$142)*($W$142/2-MIN(0.8*CB103,$W$142)/2)+SUMPRODUCT($BO$25:$BO$36,(ABS((2000000*0.003*(CB103-$BN$25:$BN$36)/CB103)+$W$146)-ABS((2000000*0.003*(CB103-$BN$25:$BN$36)/CB103)-$W$146))/2,($W$142/2-$BN$25:$BN$36)))/100000 -> 80.88311 | CE103: =IF(AND(CC102<0,CC103>=0),CA103,"")
V104: ANco a | W104: =9*$W$102^2 -> 2900 | CA104: 64 | CB104: =2*$W$142*CA104/200 -> 51.2 | CC104: =0.447*$W$45*$W$143*MIN(0.8*CB104,$W$142)+SUMPRODUCT($BO$25:$BO$36,(ABS((2000000*0.003*(CB104-$BN$25:$BN$36)/CB104)+$W$146)-ABS((2000000*0.003*(CB104-$BN$25:$BN$36)/CB104)-$W$146))/2)-$W$139*1000 -> 270334.48 | CD104: =(0.447*$W$45*$W$143*MIN(0.8*CB104,$W$142)*($W$142/2-MIN(0.8*CB104,$W$142)/2)+SUMPRODUCT($BO$25:$BO$36,(ABS((2000000*0.003*(CB104-$BN$25:$BN$36)/CB104)+$W$146)-ABS((2000000*0.003*(CB104-$BN$25:$BN$36)/CB104)-$W$146))/2,($W$142/2-$BN$25:$BN$36)))/100000 -> 80.214425 | CE104: =IF(AND(CC103<0,CC104>=0),CA104,"")
V105: c min a | W105: =MIN($W$95,$W$96,$W$97,$W$98) -> 15 | CA105: 65 | CB105: =2*$W$142*CA105/200 -> 52 | CC105: =0.447*$W$45*$W$143*MIN(0.8*CB105,$W$142)+SUMPRODUCT($BO$25:$BO$36,(ABS((2000000*0.003*(CB105-$BN$25:$BN$36)/CB105)+$W$146)-ABS((2000000*0.003*(CB105-$BN$25:$BN$36)/CB105)-$W$146))/2)-$W$139*1000 -> 277232.14 | CD105: =(0.447*$W$45*$W$143*MIN(0.8*CB105,$W$142)*($W$142/2-MIN(0.8*CB105,$W$142)/2)+SUMPRODUCT($BO$25:$BO$36,(ABS((2000000*0.003*(CB105-$BN$25:$BN$36)/CB105)+$W$146)-ABS((2000000*0.003*(CB105-$BN$25:$BN$36)/CB105)-$W$146))/2,($W$142/2-$BN$25:$BN$36)))/100000 -> 79.538005 | CE105: =IF(AND(CC104<0,CC105>=0),CA105,"")
...

Sheet Notes
A1: Column Base Plate, Anchor Bolt & Pedestal Design - by Eng. Mohamed Mustafa
A2: Steel Structures Design Engineer | https://mohamedmostafa20-max.github.io/
A4: HOW TO USE
A5: Fill the white boxes only - every other cell is calculated and protected. Work from sheet 1 to sheet 3.
A6: 1-Base Plate: design method, column section (I / Box / Pipe), base plate, weld, concrete, pedestal size, the column forces N, M (one axis), Vx, Vy and the X / Y of every bolt from the column centre (up to 12 bolts). The sheet finds the force in every bolt (elastic neutral axis with bolt stiffness n·As), adds the prying force, and checks concrete bearing, base plate thickness and the column weld.
A7: Forces Input = IDEA: type T, Vx, Vy of every bolt from IDEA StatiCa (biaxial moments, special cases). Prying is then taken as already included, and plate / weld / bearing are left to IDEA.
A8: 2-Anchor Bolt: bolt grade, diameter, embedment, anchor shape, bond option and washer steel. The force is the largest (T + Q) from sheet 1, the shear is the largest bolt shear. Washer diameter and thickness are selected automatically.
A9: 3-Pedestal: plain / reinforced, pedestal height, cover and bar sizes. All concrete anchorage checks and the pedestal reinforcement are produced, with the summary in the green line at the end.
A11: METHOD & REFERENCES
A12: - Bolt forces: rigid plate, linear strain. e ≤ L/6 full bearing (q = N/A ± M/Z); tension with the whole plate lifting: bolt-group formula; otherwise the neutral axis c is solved from N = k[Bc²/2 − nAsΣ(di−c)] and M = k[Bc²/2(L/2 − c/3) + nAsΣ(di−c)(di−L/2)], n = Es/Ec, Ec = 4400√fcu.
A13: - Prying (ECP 205): Q = T[½ − wt⁴/(30ab²As)] / [(3a/4b + 1)(a/3b + 1) + wt⁴/(6ab²As)], a ≤ 1.25b.
A14: - Base plate: t = √(6M / (b·σ)), σ = 0.72Fy (ASD) or 1.35Fy (LRFD, φMp = 0.9Fy t²/4). Bearing side: cantilever m from 0.95h (0.8b minor axis, 0.8D pipe) with the actual pressure diagram, and n with the pressure at the column face. Bolt side: max(T·b − Q·a , Q·a) per width w.
... A27: Free for engineers to use. Please keep the author name when sharing.
